Código modular,Código de local,Código de institución,Nombre de IE,Nivel / Modalidad,Forma,Género,Tipo de Gestión,Dependencia,Dirección de IE,Localidad,Centro Poblado,Área Geográfica,Provincia,Distrito,UGEL,Tipo de programa,Turno
0421255,171775,22775235,FRANCISCA DIEZ CANSECO DE CASTILLA,Secundaria,Escolarizado,Mujeres,Pública de gestión directa,Sector Educación,PARQUE PLAZOLETA BOLOGNESI S/N,,HUANCAVELICA,Urbana,Huancavelica,Huancavelica,UGEL Huancavelica,No aplica,Mañana y Tarde
0421396,171799,26933803,RAMON CASTILLA Y MARQUESADO,Secundaria,Escolarizado,Mixto,Pública de gestión directa,Sector Educación,PROLONGACION CELESTINO MANCHEGO 1550,,SANTA ANA,Urbana,Huancavelica,Huancavelica,UGEL Huancavelica,No aplica,Mañana y Tarde
0637132,171737,24434486,CESAR VALLEJO,Secundaria,Escolarizado,Mixto,Pública de gestión directa,Sector Educación,PLAZA PRINCIPAL S/N,,PUEBLO LIBRE,Rural,Huancavelica,Huancavelica,UGEL Huancavelica,No aplica,Mañana
0715961,171761,22774816,MICAELA BASTIDAS PUYUCAHUA,Secundaria,Escolarizado,Mujeres,Pública de gestión directa,Sector Educación,JIRON CASTROVIRREYNA S/N,,YANANACO,Urbana,Huancavelica,Huancavelica,UGEL Huancavelica,No aplica,Mañana y Tarde
1058353,171803,26369266,36556 ISOLINA CLOTET DE FERNANDINI,Secundaria,Escolarizado,Mixto,Pública de gestión directa,Sector Educación,AVENIDA AUGUSTO B LEGUIA 335,SANTA BARBARA,SANTA BARBARA,Urbana,Huancavelica,Huancavelica,UGEL Huancavelica,No aplica,Mañana y Tarde
1060185,171940,26859311,COOPERATIVO,Secundaria,Escolarizado,Mixto,Privada,Particular,JIRON AGUSTIN GAMARRA 210,,HUANCAVELICA,Urbana,Huancavelica,Huancavelica,UGEL Huancavelica,No aplica,Mañana y Noche
1058437,001938,26755778,SAN CRISTOBAL,Secundaria,Escolarizado,Varones,Pública de gestión directa,Sector Educación,JIRON HUAYNA CAPAC 530,,SAN CRISTOBAL,Urbana,Huancavelica,Huancavelica,UGEL Huancavelica,No aplica,Mañana
1400084,613047,26929296,CESAR VALLEJO,Secundaria,Escolarizado,Mixto,Privada,Particular,JIRON SEBASTIAN BARRANCA S/N,,HUANCAVELICA,Urbana,Huancavelica,Huancavelica,UGEL Huancavelica,No aplica,Tarde
1400159,613127,26929377,JOSE CARLOS MARIATEGUI,Secundaria,Escolarizado,Mixto,Pública de gestión directa,Sector Educación,PLAZA PRINCIPAL S/N,,PAMPACHACRA,Rural,Huancavelica,Huancavelica,UGEL Huancavelica,No aplica,Mañana
1400175,534861,26040159,SANTA ISABEL,Secundaria,Escolarizado,Mixto,Pública de gestión directa,Sector Educación,CARRETERA HVCA-HYO S/N,,ANTACCOCHA,Rural,Huancavelica,Huancavelica,UGEL Huancavelica,No aplica,Mañana
1104413,171742,26810884,SEMINARIO SAN JUAN MARIA VIANNEY,Secundaria,Escolarizado,Varones,Pública de gestión privada,Convenio con Sector Educación,AVENIDA ANDRES AVELINO CACERES 790,,YANANACO,Urbana,Huancavelica,Huancavelica,UGEL Huancavelica,No aplica,Mañana y Tarde
1058395,171817,,TERESA DE LA CRUZ,Secundaria,Escolarizado,Mixto,Privada,Comunidad o asociación religiosa,JIRON NICOLAS DE PIEROLA 603,,HUANCAVELICA,Urbana,Huancavelica,Huancavelica,UGEL Huancavelica,No aplica,Mañana
1346683,516635,26841402,LA PRE,Secundaria,Escolarizado,Mixto,Privada,Particular,CERCADO,CERCADO,HUANCAVELICA,Urbana,Huancavelica,Huancavelica,UGEL Huancavelica,No aplica,Mañana
1370535,532715,22289551,D'UNI,Secundaria,Escolarizado,Mixto,Privada,Particular,JIRON ARICA 219,,HUANCAVELICA,Urbana,Huancavelica,Huancavelica,UGEL Huancavelica,No aplica,Mañana y Tarde
1380187,171624,26933722,36344 VALENTIN LOPEZ MOLINA,Secundaria,Escolarizado,Mixto,Pública de gestión directa,Sector Educación,CARRETERA HUANCAVELICA - PISCO,CALLQUI CHICO,CALLQUI CHICO,Rural,Huancavelica,Huancavelica,UGEL Huancavelica,No aplica,Mañana
1466242,592479,22288563,MILENIUM,Secundaria,Escolarizado,Mixto,Privada,Particular,JIRON AGUSTIN GAMARRA 430,HUANCAVELICA,HUANCAVELICA,Urbana,Huancavelica,Huancavelica,UGEL Huancavelica,No aplica,Mañana y Tarde
1566801,640258,24211967,SAN JUAN BOSCO,Secundaria,Escolarizado,Mixto,Privada,Particular,JIRON HUAYNA CAPAC 198,SAN CRISTOBAL,HUANCAVELICA,Urbana,Huancavelica,Huancavelica,UGEL Huancavelica,No aplica,Mañana y Tarde
1645233,727789,22289489,HEINSBERG,Secundaria,Escolarizado,Mixto,Privada,Particular,AVENIDA ESCALONADA 120,SAN CRISTOBAL,HUANCAVELICA,Urbana,Huancavelica,Huancavelica,UGEL Huancavelica,No aplica,Mañana y Tarde
1666551,171563,26309034,COAR HUANCAVELICA,Secundaria,Escolarizado,Mixto,Pública de gestión directa,Sector Educación,JIRON JOSE GABRIEL CONDORCANQUI S/N,,SANTA ANA,Urbana,Huancavelica,Huancavelica,UGEL Huancavelica,No aplica,Mañana
1769082,839447,25037200,SANGRE DE CAMPEONES,Secundaria,Escolarizado,Mixto,Privada,Particular,JIRON JOSE OLAYA,SAN CRISTOBAL,SAN CRISTOBAL,Urbana,Huancavelica,Huancavelica,UGEL Huancavelica,No aplica,Mañana
0535211,172261,24434060,SAN JOSE ACOBAMBILLA,Secundaria,Escolarizado,Mixto,Pública de gestión directa,Sector Educación,CONDORAY S/N,,SAN JOSE DE ACOBAMBILLA,Rural,Huancavelica,Acobambilla,UGEL Huancavelica,No aplica,Mañana
0535112,655495,25599799,MIGUEL GRAU SEMINARIO,Secundaria,Escolarizado,Mixto,Pública de gestión directa,Sector Educación,PLAZA PRINCIPAL,,ANCCAPA,Rural,Huancavelica,Acobambilla,UGEL Huancavelica,No aplica,Mañana
0551531,172242,24434303,CESAR VALLEJO MENDOZA,Secundaria,Escolarizado,Mixto,Pública de gestión directa,Sector Educación,AVENIDA VILLA UNION S/N,,VIÑAS,Rural,Huancavelica,Acobambilla,UGEL Huancavelica,No aplica,Mañana
1780337,172162,23312964,36110,Secundaria,Escolarizado,Mixto,Pública de gestión directa,Sector Educación,AVENIDA HUANCAVELICA,,SAN ANTONIO,Rural,Huancavelica,Acobambilla,UGEL Huancavelica,No aplica,Mañana
1400324,613274,24975436,JOSE CARLOS MARIATEGUI,Secundaria,Escolarizado,Mixto,Pública de gestión directa,Sector Educación,PARQUE PLAZA PRINCIPAL S/N,,JOSE CARLOS MARIATEGUI,Rural,Huancavelica,Acoria,UGEL Huancavelica,No aplica,Mañana
1400365,570948,23312883,CESAR VALLEJO MENDOZA,Secundaria,Escolarizado,Mixto,Pública de gestión directa,Sector Educación,LAUCAPAMPA S/N,,CONCHAN,Rural,Huancavelica,Acoria,UGEL Huancavelica,No aplica,Mañana
0421289,173265,26755859,JOSE GALVEZ EGUSQUIZA,Secundaria,Escolarizado,Mixto,Pública de gestión directa,Sector Educación,BAYLON,,ACORIA,Rural,Huancavelica,Acoria,UGEL Huancavelica,No aplica,Mañana
0537803,173270,24975762,LEONCIO PRADO GUTIERREZ,Secundaria,Escolarizado,Mixto,Pública de gestión directa,Sector Educación,JIRON ANDRES AVELINO CACERES S/N,,HUANASPAMPA,Rural,Huancavelica,Acoria,UGEL Huancavelica,No aplica,Mañana
0600338,173289,26899419,RICARDO PALMA,Secundaria,Escolarizado,Mixto,Pública de gestión directa,Sector Educación,CHIRAUPAMPA S/N,,AÑANCUSI,Rural,Huancavelica,Acoria,UGEL Huancavelica,No aplica,Mañana
0637165,173307,24976343,SIMON BOLIVAR,Secundaria,Escolarizado,Mixto,Pública de gestión directa,Sector Educación,PLAZA PRINCIPAL S/N,ALIANZA ANDINO,AYACCOCHA,Rural,Huancavelica,Acoria,UGEL Huancavelica,No aplica,Mañana
0637199,173294,25177207,CIRO ALEGRIA BAZAN,Secundaria,Escolarizado,Mixto,Pública de gestión directa,Sector Educación,PCCECHCAYOCC S/N,,MUQUECC BAJO,Rural,Huancavelica,Acoria,UGEL Huancavelica,No aplica,Mañana
0687749,173312,24976009,MANUEL SCORZA TORRES,Secundaria,Escolarizado,Mixto,Pública de gestión directa,Sector Educación,AVENIDA JUAN VELASCO ALVARADO S/N,,CCACCASIRI,Rural,Huancavelica,Acoria,UGEL Huancavelica,No aplica,Mañana
0687855,173350,25452917,7 DE JUNIO,Secundaria,Escolarizado,Mixto,Pública de gestión directa,Sector Educación,VISTA ALEGRE S/N,,CHUPACA,Rural,Huancavelica,Acoria,UGEL Huancavelica,No aplica,Mañana
0746974,173331,26895456,TECNICO AGROPECUARIO SILVA,Secundaria,Escolarizado,Mixto,Pública de gestión directa,Sector Educación,PLAZA PRINCIPAL S/N,,SILVA,Rural,Huancavelica,Acoria,UGEL Huancavelica,No aplica,Mañana
0421420,173345,24975681,JOSE SANTOS CHOCANO,Secundaria,Escolarizado,Mixto,Pública de gestión directa,Sector Educación,PLAZA PRINCIPAL S/N,,LIRIO,Rural,Huancavelica,Acoria,UGEL Huancavelica,No aplica,Mañana
1059716,173393,26931746,ALIANZA ANDINO,Secundaria,Escolarizado,Mixto,Pública de gestión directa,Sector Educación,PLAZA PRINCIPAL,ALIANZA ANDINO,ALIANZA ANDINO,Rural,Huancavelica,Acoria,UGEL Huancavelica,No aplica,Mañana
1106509,554533,26755514,SERGIO QUIJADA JARA,Secundaria,Escolarizado,Mixto,Pública de gestión directa,Sector Educación,PLAZA PRINCIPAL S/N,,PALLALLA,Rural,Huancavelica,Acoria,UGEL Huancavelica,No aplica,Mañana
1059401,173406,24975355,JOSE ANTONIO ENCINAS FRANCO,Secundaria,Escolarizado,Mixto,Pública de gestión directa,Sector Educación,PLAZA PRINCIPAL S/N,LEONCIO PRADO,LLAHUECC,Rural,Huancavelica,Acoria,UGEL Huancavelica,No aplica,Mañana
1060128,173388,22774409,SAN IGNACIO DE LOYOLA,Secundaria,Escolarizado,Mixto,Pública de gestión directa,Sector Educación,CARRETERA HUANCAVELICA-HUANCAYO S/N,,LAIMINA,Rural,Huancavelica,Acoria,UGEL Huancavelica,No aplica,Mañana
1400829,613820,25452593,CELESTINO MANCHEGO MUÑOZ,Secundaria,Escolarizado,Mixto,Pública de gestión directa,Sector Educación,PANTION PAMPA S/N,,PATOJOCHA,Rural,Huancavelica,Acoria,UGEL Huancavelica,No aplica,Mañana
1105865,173374,25875745,JUAN VELASCO ALVARADO,Secundaria,Escolarizado,Mixto,Pública de gestión directa,Sector Educación,PLAZA PRINCIPAL S/N,,PUCUTO,Rural,Huancavelica,Acoria,UGEL Huancavelica,No aplica,Mañana
1400845,613863,24974774,ANDRES AVELINO CACERES,Secundaria,Escolarizado,Mixto,Pública de gestión directa,Sector Educación,PLAZA PRINCIPAL S/N,,SAN ISIDRO DE AMPURHUAY,Rural,Huancavelica,Acoria,UGEL Huancavelica,No aplica,Mañana
1314194,251852,25740858,PUEBLOS UNIDOS,Secundaria,Escolarizado,Mixto,Pública de gestión directa,Sector Educación,PLAZA PRINCIPAL S/N,,HUAYLLACCOTO,Rural,Huancavelica,Acoria,UGEL Huancavelica,No aplica,Mañana
1466259,592498,22774654,PEDRO RUIZ GALLO,Secundaria,Escolarizado,Mixto,Pública de gestión directa,Sector Educación,PLAZA PRINCIPAL,ALTO PONGO,ALTO PONGO,Rural,Huancavelica,Acoria,UGEL Huancavelica,No aplica,Mañana
1466267,592484,22774999,JOSE FAUSTINO SANCHEZ CARRION,Secundaria,Escolarizado,Mixto,Pública de gestión directa,Sector Educación,PLAZA PRINCIPAL,SAN MIGUEL DE PUCCACCOCHA,SAN MIGUEL DE PUCCACCOCHA,Rural,Huancavelica,Acoria,UGEL Huancavelica,No aplica,Mañana
1530666,619563,26040231,SANTIAGO ANGEL DE LA PAZ ANTUNEZ DE MAYOLO GOMERO,Secundaria,Escolarizado,Mixto,Pública de gestión directa,Sector Educación,PLAZA PRINCIPAL,,ALTO ANDINO,Rural,Huancavelica,Acoria,UGEL Huancavelica,No aplica,Mañana
1540277,626714,25283058,ALBERTO BENAVIDES DE LA QUINTANA,Secundaria,Escolarizado,Mixto,Pública de gestión directa,Sector Educación,PLAZA PRINCIPAL,CCOSNIPUQIO,CCOSNIPUQUIO,Rural,Huancavelica,Acoria,UGEL Huancavelica,No aplica,Mañana
1582956,654684,25452003,ALFONSO UGARTE,Secundaria,Escolarizado,Mixto,Pública de gestión directa,Sector Educación,PLAZA PRINCIPAL S/N,LOS ANDES,PALMIRA,Rural,Huancavelica,Acoria,UGEL Huancavelica,No aplica,Mañana
1757293,830197,22774247,UNION AMBO,Secundaria,Escolarizado,Mixto,Pública de gestión directa,Sector Educación,PLAZA PRINCIPAL,,UNION AMBO,Rural,Huancavelica,Acoria,UGEL Huancavelica,No aplica,Mañana
0421313,173487,25283139,SANTIAGO ANTUNEZ DE MAYOLO,Secundaria,Escolarizado,Mixto,Pública de gestión directa,Sector Educación,IRCUN PAMPA S/N,,CONAYCA,Rural,Huancavelica,Conayca,UGEL Huancavelica,No aplica,Mañana
0637439,173656,22775154,INDOAMERICA,Secundaria,Escolarizado,Mixto,Pública de gestión directa,Sector Educación,CALLE ALFONZO UGARTE S/N,,CUENCA,Rural,Huancavelica,Cuenca,UGEL Huancavelica,No aplica,Mañana
1106384,173661,24434222,JOSE CARLOS MARIATEGUI,Secundaria,Escolarizado,Mixto,Pública de gestión directa,Sector Educación,JIRON CAJAMARCA S/N,,LUQUIA,Rural,Huancavelica,Cuenca,UGEL Huancavelica,No aplica,Mañana
0525626,173760,25177045,RICARDO PALMA,Secundaria,Escolarizado,Mixto,Pública de gestión directa,Sector Educación,JIRON PORVENIR S/N,,HUACHOCOLPA,Rural,Huancavelica,Huachocolpa,UGEL Huancavelica,No aplica,Mañana
1658244,739872,24433986,CIRO ALEGRIA BAZAN,Secundaria,Escolarizado,Mixto,Pública de gestión directa,Sector Educación,PLAZA PRINCIPAL S/N,YANAUTUTO,YANAUTUTO,Rural,Huancavelica,Huachocolpa,UGEL Huancavelica,No aplica,Mañana
0535419,173883,25283392,SAN FRANCISCO,Secundaria,Escolarizado,Mixto,Pública de gestión directa,Sector Educación,CALLE PROGRESO S/N,,HUAYLLAHUARA,Rural,Huancavelica,Huayllahuara,UGEL Huancavelica,No aplica,Mañana
0421305,173958,24975843,MANUEL ASCENCIO SEGURA,Secundaria,Escolarizado,Mixto,Pública de gestión directa,Sector Educación,AVENIDA ANDRES AVELINO CACERES 485,,TAMBILLO,Rural,Huancavelica,Izcuchaca,UGEL Huancavelica,No aplica,Mañana
0571737,174043,25599535,DOS DE MAYO,Secundaria,Escolarizado,Mixto,Pública de gestión directa,Sector Educación,AVENIDA 23 DE JUNIO S/N,,LARIA,Rural,Huancavelica,Laria,UGEL Huancavelica,No aplica,Mañana
0637405,174057,25177381,LOS ANDES,Secundaria,Escolarizado,Mixto,Pública de gestión directa,Sector Educación,CALLE AMAZONAS S/N,,SAN JOSE DE BELEN,Rural,Huancavelica,Laria,UGEL Huancavelica,No aplica,Mañana
0551630,174180,26756014,AGUSTO SALAZAR BONDY,Secundaria,Escolarizado,Mixto,Pública de gestión directa,Sector Educación,CALLE MICAELA BASTIDAS S/N,,MANTA,Rural,Huancavelica,Manta,UGEL Huancavelica,No aplica,Mañana
1059781,174199,25177460,ANDRES AVELINO CACERES,Secundaria,Escolarizado,Mixto,Pública de gestión directa,Sector Educación,PUYTUPAMPA,,CCOROSITOCC,Rural,Huancavelica,Manta,UGEL Huancavelica,No aplica,Mañana
0535013,174222,24974936,DANIEL ALCIDES CARRION,Secundaria,Escolarizado,Mixto,Pública de gestión directa,Sector Educación,QUINTA VILLENA S/N,,MARISCAL CACERES,Rural,Huancavelica,Mariscal Cáceres,UGEL Huancavelica,No aplica,Mañana
0421339,174364,26040078,SAN MIGUEL,Secundaria,Escolarizado,Mixto,Pública de gestión directa,Sector Educación,UMAS S/N,,MOYA,Rural,Huancavelica,Moya,UGEL Huancavelica,No aplica,Mañana
1780295,174340,25283473,36406,Secundaria,Escolarizado,Mixto,Pública de gestión directa,Sector Educación,PLAZA PRINCIPAL DE PUTACCA,,PUTACCA,Rural,Huancavelica,Moya,UGEL Huancavelica,No aplica,Mañana
1780303,174298,23984288,36133,Secundaria,Escolarizado,Mixto,Pública de gestión directa,Sector Educación,PLAZA PRINCIPAL DE SAN MIGUEL DE QUIÑIRI,,SAN MIGUEL DE QUIÑIRI,Rural,Huancavelica,Moya,UGEL Huancavelica,No aplica,Mañana
0571760,174463,24975924,MANUEL GONZALES PRADA,Secundaria,Escolarizado,Mixto,Pública de gestión directa,Sector Educación,JIRON DOS DE MAYO 336,,NUEVO OCCORO,Rural,Huancavelica,Nuevo Occoro,UGEL Huancavelica,No aplica,Mañana
1717651,798772,24434141,CARLOS NORIEGA JIMENEZ,Secundaria,Escolarizado,Mixto,Pública de gestión directa,Sector Educación,AVENIDA 28 DE JULIO S/N,NUEVO OCCORO,OCCORO VIEJO,Rural,Huancavelica,Nuevo Occoro,UGEL Huancavelica,No aplica,Mañana
1764901,862391,24958698,ENRIQUE GUZMAN Y VALLE,Secundaria,Escolarizado,Mixto,Pública de gestión directa,Sector Educación,PLAZA PRINCIPAL,,TAMBOPATA,Rural,Huancavelica,Nuevo Occoro,UGEL Huancavelica,No aplica,Mañana
0421362,174712,22774328,TUPAC AMARU,Secundaria,Escolarizado,Mixto,Pública de gestión directa,Sector Educación,PASAJE INGENIO PAMPA S/N,,PALCA / PALLCA,Rural,Huancavelica,Palca,UGEL Huancavelica,No aplica,Mañana
1059831,174707,24975509,JOSE MARIA ARGUEDAS,Secundaria,Escolarizado,Mixto,Pública de gestión directa,Sector Educación,AVENIDA HUANCAVELICA-HUANCAYO KM 42,,PUTACCA,Rural,Huancavelica,Palca,UGEL Huancavelica,No aplica,Mañana
0747089,174694,25282892,JAVIER HERAUD,Secundaria,Escolarizado,Mixto,Pública de gestión directa,Sector Educación,AVENIDA HUANCAYO S/N,,CONAYCASA,Rural,Huancavelica,Palca,UGEL Huancavelica,No aplica,Mañana
0687764,174774,26768721,ALFONSO UGARTE,Secundaria,Escolarizado,Mixto,Pública de gestión directa,Sector Educación,AVENIDA LOS ANDES S/N,,PILCHACA,Rural,Huancavelica,Pilchaca,UGEL Huancavelica,No aplica,Mañana
0421347,174991,26926221,SAN JUAN BAUTISTA,Secundaria,Escolarizado,Mixto,Pública de gestión directa,Sector Educación,PLAZA PRINCIPAL S/N,,VILCA,Rural,Huancavelica,Vilca,UGEL Huancavelica,No aplica,Mañana
0535310,175009,26770033,JULIO CESAR TELLO ROJAS,Secundaria,Escolarizado,Mixto,Pública de gestión directa,Sector Educación,CALLE JULIO CESAR TELLO S/N,CAMPANAYOQ,CHUYA,Rural,Huancavelica,Vilca,UGEL Huancavelica,No aplica,Mañana
0551036,175014,25282973,JOSE CARLOS MARIATEGUI,Secundaria,Escolarizado,Mixto,Pública de gestión directa,Sector Educación,CARRETERA VILCA - HUANCAYO S/N,,HUANCALPI,Rural,Huancavelica,Vilca,UGEL Huancavelica,No aplica,Mañana
1535657,624003,22604120,CORICOCHA,Secundaria,Escolarizado,Mixto,Pública de gestión directa,Sector Educación,CORICOCHA S/N,SAN GREGORIO,CORICOCHA,Rural,Huancavelica,Vilca,UGEL Huancavelica,No aplica,Mañana
1780311,174910,25738306,36142,Secundaria,Escolarizado,Mixto,Pública de gestión directa,Sector Educación,PLAZA PRINCIPAL DE RIEGOPAMPA,,RIEGOPAMPA,Rural,Huancavelica,Vilca,UGEL Huancavelica,No aplica,Mañana
1780329,174948,23282501,36146,Secundaria,Escolarizado,Mixto,Pública de gestión directa,Sector Educación,PLAZA PRINCIPAL DE CAMPO ALEGRE,,CAMPO ALEGRE,Rural,Huancavelica,Vilca,UGEL Huancavelica,No aplica,Mañana
1400092,613066,26164494,JOSE MARIA ARGUEDAS ALTAMIRANO,Secundaria,Escolarizado,Mixto,Pública de gestión directa,Sector Educación,PLAZA PRINCIPAL,CCOLLPACCASA CHOPCCA,CCOLLPACCASA,Rural,Huancavelica,Yauli,UGEL Huancavelica,No aplica,Mañana
1400340,613293,26755697,AGROPECUARIO JOSE ENCINAS FRANCO,Secundaria,Escolarizado,Mixto,Pública de gestión directa,Sector Educación,PLAZA PRINCIPAL S/N,,CHACARILLA,Rural,Huancavelica,Yauli,UGEL Huancavelica,No aplica,Mañana
1400399,613330,26929601,JOSE CARLOS MARIATEGUI,Secundaria,Escolarizado,Mixto,Pública de gestión directa,Sector Educación,PLAZA PRINCIPAL S/N,,VILLA PAMPA,Rural,Huancavelica,Yauli,UGEL Huancavelica,No aplica,Mañana
1400407,613354,25282639,DANIEL HERNANDEZ,Secundaria,Escolarizado,Mixto,Pública de gestión directa,Sector Educación,JIRON JOSE GALVEZ S/N,,PALTAMACHAY,Rural,Huancavelica,Yauli,UGEL Huancavelica,No aplica,Mañana
0552232,175542,24976262,SAN MARTIN DE PORRES,Secundaria,Escolarizado,Mixto,Pública de gestión directa,Sector Educación,PLAZA PRINCIPAL S/N,,YAULI,Urbana,Huancavelica,Yauli,UGEL Huancavelica,No aplica,Mañana
0697649,175556,25452674,VICTOR RAUL HAYA DE LA TORRE,Secundaria,Escolarizado,Mixto,Pública de gestión directa,Sector Educación,PLAZA PRINCIPAL,,CCASAPATA,Rural,Huancavelica,Yauli,UGEL Huancavelica,No aplica,Mañana
0829754,175561,24974855,ANTONIO RAYMONDI,Secundaria,Escolarizado,Mixto,Pública de gestión directa,Sector Educación,PLAZA PRINCIPAL S/N,,AMBATO,Rural,Huancavelica,Yauli,UGEL Huancavelica,No aplica,Mañana
0829663,175537,25282711,JOSE OLAYA BALANDRA,Secundaria,Escolarizado,Mixto,Pública de gestión directa,Sector Educación,PLAZA PRINCIPAL S/N,,CONDOR HUACHANA,Rural,Huancavelica,Yauli,UGEL Huancavelica,No aplica,Mañana
1058080,175580,25452267,ANDRES AVELINO CACERES,Secundaria,Escolarizado,Mixto,Pública de gestión directa,Sector Educación,DOS DE MAYO S/N,,DOS DE MAYO / CHOPCCA,Rural,Huancavelica,Yauli,UGEL Huancavelica,No aplica,Mañana
1058122,175599,26926300,MARIANO MELGAR VALDIVIESO,Secundaria,Escolarizado,Mixto,Pública de gestión directa,Sector Educación,PLAZA PRINCIPAL S/N,,CHUCLLACCASA,Rural,Huancavelica,Yauli,UGEL Huancavelica,No aplica,Mañana
0430280,175575,24975010,GERMAN CARO RIOS,Secundaria,Escolarizado,Mixto,Pública de gestión directa,Sector Educación,AVENIDA MONTERRICO S/N,,SAN JUAN DE CCARHUACC,Rural,Huancavelica,Yauli,UGEL Huancavelica,No aplica,Mañana
1106145,175617,26428904,ANDRES BELLO,Secundaria,Escolarizado,Mixto,Pública de gestión directa,Sector Educación,PERU S/N,,CASTILLOPATA,Rural,Huancavelica,Yauli,UGEL Huancavelica,No aplica,Mañana
1106269,175622,25242130,LOS ANGELES DE CCARAHUASA,Secundaria,Escolarizado,Mixto,Pública de gestión directa,Sector Educación,PLAZA PRINCIPAL S/N,,LOS ANGELES DE CCARAHUASA,Rural,Huancavelica,Yauli,UGEL Huancavelica,No aplica,Mañana
1059682,175655,26040310,DANIEL ALCIDEZ CARRION,Secundaria,Escolarizado,Mixto,Pública de gestión directa,Sector Educación,PARQUE PLAZA PRINCIPAL S/N,,SACHAPITE,Rural,Huancavelica,Yauli,UGEL Huancavelica,No aplica,Mañana
1400142,613170,25177126,FRANCISCO IZQUIERDO RIOS,Secundaria,Escolarizado,Mixto,Pública de gestión directa,Sector Educación,CARRETERA HUANCAVELICA LIRCAY S/N,,SANTA ROSA DE PACHACCLLA,Rural,Huancavelica,Yauli,UGEL Huancavelica,No aplica,Mañana
1400001,534856,25453093,JORGE BASADRE GROHMANN,Secundaria,Escolarizado,Mixto,Pública de gestión directa,Sector Educación,PLAZA PRINCIPAL S/N,,ATALLA,Rural,Huancavelica,Yauli,UGEL Huancavelica,No aplica,Mañana
1400225,625917,26932408,JULIO CESAR TELLO,Secundaria,Escolarizado,Mixto,Pública de gestión directa,Sector Educación,CALLE BOLIVAR S/N MZ G LOTE 11,BARRIO MOLLEPAMPA,TACSANA,Urbana,Huancavelica,Yauli,UGEL Huancavelica,No aplica,Mañana
1059864,176669,25448561,RICARDO PALMA,Secundaria,Escolarizado,Mixto,Pública de gestión directa,Sector Educación,PLAZA PRINCIPAL,,CHUÑUNAPAMPA,Rural,Huancavelica,Yauli,UGEL Huancavelica,No aplica,Mañana
1314202,251729,26769892,INCAÑAN UCHCUS,Secundaria,Escolarizado,Mixto,Pública de gestión directa,Sector Educación,PLAZA PRINCIPAL S/N,,UCHCUS INCAÑAN,Rural,Huancavelica,Yauli,UGEL Huancavelica,No aplica,Mañana
1420850,570967,22775073,JOSE ABELARDO QUIÑONES GONZALES,Secundaria,Escolarizado,Mixto,Pública de gestión directa,Sector Educación,PLAZA PRINCIPAL,,PANTACHI SUR,Rural,Huancavelica,Yauli,UGEL Huancavelica,No aplica,Mañana
1658236,739867,22774573,PUCAPAMPA,Secundaria,Escolarizado,Mixto,Pública de gestión directa,Sector Educación,PLAZA PRINCIPAL S/N,,PUCAPAMPA,Rural,Huancavelica,Yauli,UGEL Huancavelica,No aplica,Mañana
1659861,742209,22774735,PANTACHI NORTE,Secundaria,Escolarizado,Mixto,Pública de gestión directa,Sector Educación,PLAZA PRINCIPAL S/N,,PANTACHI NORTE,Rural,Huancavelica,Yauli,UGEL Huancavelica,No aplica,Mañana
3007259,901825,22451812,JOSE DOMINGO PEREZ GOMEZ,Secundaria,Escolarizado,Mixto,Pública de gestión directa,Sector Educación,PLAZA PRINCIPAL,,PUCACCASA,Rural,Huancavelica,Yauli,UGEL Huancavelica,No aplica,Mañana
3018017,904659,24812162,ABRAHAN VALDELOMAR,Secundaria,Escolarizado,Mixto,Pública de gestión directa,Sector Educación,CARRETERA LIRCAY KM.40,,ANTACANCHA,Rural,Huancavelica,Yauli,UGEL Huancavelica,No aplica,Mañana
3058005,175448,25178297,36391,Secundaria,Escolarizado,Mixto,Pública de gestión directa,Sector Educación,PLAZA PRINCIPAL,,MOSOCC CANCHA,Rural,Huancavelica,Yauli,UGEL Huancavelica,No aplica,Mañana
0421248,171780,26788110,LA VICTORIA DE AYACUCHO,Secundaria,Escolarizado,Varones,Pública de gestión directa,Sector Educación,JIRON HILDAURO CASTRO S/N,,ASCENSION,Urbana,Huancavelica,Ascensión,UGEL Huancavelica,No aplica,Mañana y Tarde
1058312,171756,22775316,AMERICA,Secundaria,Escolarizado,Mixto,Pública de gestión directa,Sector Educación,CALLE SANTOS VILLA S/N,,ASCENSION,Urbana,Huancavelica,Ascensión,UGEL Huancavelica,No aplica,Mañana
1784404,852311,26550823,AGORA,Secundaria,Escolarizado,Mixto,Privada,Particular,CALLE HIRAPATA,,ASCENSION,Urbana,Huancavelica,Ascensión,UGEL Huancavelica,No aplica,Mañana
0421263,187823,24976181,MARISCAL AGUSTIN GAMARRA,Secundaria,Escolarizado,Mixto,Pública de gestión directa,Sector Educación,PROLONGACION SUCRE S/N,,HUANDO,Rural,Huancavelica,Huando,UGEL Huancavelica,No aplica,Mañana
0697631,187818,26755931,FRANCISCO BOLOGNESI,Secundaria,Escolarizado,Mixto,Pública de gestión directa,Sector Educación,JIRON SAN FRANCISCO S/N S/N,,TINYACLLA,Rural,Huancavelica,Huando,UGEL Huancavelica,No aplica,Mañana
1106467,613349,25599616,LA UNION,Secundaria,Escolarizado,Mixto,Pública de gestión directa,Sector Educación,CARRETERA LLALLAS ALTA S/N,,LLACLLA ALTO,Rural,Huancavelica,Huando,UGEL Huancavelica,No aplica,Mañana
1401397,187762,25283211,JUAN VELASCO ALVARADO,Secundaria,Escolarizado,Mixto,Pública de gestión directa,Sector Educación,PLAZA PRINCIPAL S/N,,VISTA ALEGRE,Rural,Huancavelica,Huando,UGEL Huancavelica,No aplica,Mañana
1400019,554528,26769973,PEDRO PAULET,Secundaria,Escolarizado,Mixto,Pública de gestión directa,Sector Educación,JIRON LIBERTADORES,,YANACOLLPA,Rural,Huancavelica,Huando,UGEL Huancavelica,No aplica,Mañana
1400027,613212,25282558,RIGOBERTO CALLE ESCOBAR,Secundaria,Escolarizado,Mixto,Pública de gestión directa,Sector Educación,CARRETERA HUANCAVELICA-NUEVO OCCORO S/N,,MIRAFLORES,Rural,Huancavelica,Huando,UGEL Huancavelica,No aplica,Mañana
0421271,175863,23285576,SAN FRANCISCO DE ASIS,Secundaria,Escolarizado,Mixto,Pública de gestión directa,Sector Educación,AVENIDA MANUEL CANDAMO S/N,,ACOBAMBA,Urbana,Acobamba,Acobamba,UGEL Acobamba,No aplica,Mañana y Tarde
0569947,175877,22445073,MARISCAL CACERES,Secundaria,Escolarizado,Mixto,Pública de gestión directa,Sector Educación,AVENIDA 9 DE MAYO S/N,,VILLA RICA,Rural,Acobamba,Acobamba,UGEL Acobamba,No aplica,Mañana
0600692,175882,23285819,NUESTRA SEÑORA DE LA CANDELARIA,Secundaria,Escolarizado,Mixto,Pública de gestión directa,Sector Educación,AVENIDA MANUEL CANDAMO S/N,,ACOBAMBA,Urbana,Acobamba,Acobamba,UGEL Acobamba,No aplica,Mañana y Tarde
1060078,175896,22710621,SERGIO QUIJADA JARA,Secundaria,Escolarizado,Mixto,Pública de gestión directa,Sector Educación,PLAZA PRINCIPAL S/N,,CURIMARAY,Rural,Acobamba,Acobamba,UGEL Acobamba,No aplica,Mañana
0740357,176004,24348921,MANUEL SCORZA TORRE,Secundaria,Escolarizado,Mixto,Pública de gestión directa,Sector Educación,BARRIO MANTARO S/N,MARCOBAMBA,ANDABAMBA,Rural,Acobamba,Andabamba,UGEL Acobamba,No aplica,Mañana
1106707,176018,22445316,JOSE ANTONIO ENCINAS FRANCO,Secundaria,Escolarizado,Mixto,Pública de gestión directa,Sector Educación,MAYUNMARCA S/N,,MAYUNMARCA / CRUZ PAMPA,Rural,Acobamba,Andabamba,UGEL Acobamba,No aplica,Mañana y Tarde
1059252,176023,23286157,ANDRES BELLO,Secundaria,Escolarizado,Mixto,Pública de gestión directa,Sector Educación,AVENIDA LOS LIBERTADORES S/N,,HUANCAPITE,Rural,Acobamba,Andabamba,UGEL Acobamba,No aplica,Mañana
1402684,511119,24045560,SANTIAGO ANTUNEZ DE MAYOLO,Secundaria,Escolarizado,Mixto,Pública de gestión directa,Sector Educación,PLAZA PRINCIPAL S/N,,VISTA ALEGRE,Rural,Acobamba,Andabamba,UGEL Acobamba,No aplica,Mañana
0579979,176184,23285991,CIRO ALEGRIA BAZAN,Secundaria,Escolarizado,Mixto,Pública de gestión directa,Sector Educación,AVENIDA ELVIRO CALDERON S/N,,ANTA,Rural,Acobamba,Anta,UGEL Acobamba,No aplica,Mañana y Tarde
1402759,615739,24435393,FEDERICO VILLARREAL,Secundaria,Escolarizado,Mixto,Pública de gestión directa,Sector Educación,PLAZA PRINCIPAL S/N,,SAN PEDRO ÑAHUINCUCHO,Rural,Acobamba,Anta,UGEL Acobamba,No aplica,Mañana
1246586,176202,22445499,JOSE ABELARDO QUIÑONES GONZALES,Secundaria,Escolarizado,Mixto,Pública de gestión directa,Sector Educación,PLAZA PRINCIPAL S/N,AUGUSTO B. LEGUIA,HUAYANAY,Rural,Acobamba,Anta,UGEL Acobamba,No aplica,Mañana
1351089,519399,24435210,MARIANO MELGAR VALDIVIEZO,Secundaria,Escolarizado,Mixto,Pública de gestión directa,Sector Educación,PLAZA PRINCIPAL S/N,,VISTA ALEGRE,Rural,Acobamba,Anta,UGEL Acobamba,No aplica,Mañana
1413780,563863,24435474,ALFONSO UGARTE VERNAL,Secundaria,Escolarizado,Mixto,Pública de gestión directa,Sector Educación,PLAZA PRINCIPAL,,CASACANCHA,Rural,Acobamba,Anta,UGEL Acobamba,No aplica,Mañana
1467547,596137,22773747,RICARDO PALMA SORIANO,Secundaria,Escolarizado,Mixto,Pública de gestión directa,Sector Educación,PLAZA PRINCIPAL,SANCAYPAMPA,SANCAYPAMPA,Rural,Acobamba,Anta,UGEL Acobamba,No aplica,Mañana
1246586,914917,22445499,JOSE ABELARDO QUIÑONES GONZALES,Secundaria,Escolarizado,Mixto,Pública de gestión directa,Sector Educación,AVENIDA REYES S/N,,HUAYANAY,Rural,Acobamba,Anta,UGEL Acobamba,No aplica,Mañana
0600932,176339,25630051,JOSE CARLOS MARIATEGUI,Secundaria,Escolarizado,Mixto,Pública de gestión directa,Sector Educación,AVENIDA CENTENERIO S/N,,CAJA ESPIRITU,Rural,Acobamba,Caja,UGEL Acobamba,No aplica,Mañana
1060276,176320,22773828,CORAS,Secundaria,Escolarizado,Mixto,Pública de gestión directa,Sector Educación,MANZANAYOCC S/N,,POMACANCHA,Rural,Acobamba,Caja,UGEL Acobamba,No aplica,Mañana y Tarde
0740365,176419,24348849,RAMON CASTILLA MARQUEZADO,Secundaria,Escolarizado,Mixto,Pública de gestión directa,Sector Educación,JIRON MARISCAL CASTILLA S/N,,MARCAS,Rural,Acobamba,Marcas,UGEL Acobamba,No aplica,Mañana
1314236,252205,22445154,MANUEL GONZALES PRADA,Secundaria,Escolarizado,Mixto,Pública de gestión directa,Sector Educación,PLAZA PRINCIPAL,,CUÑI,Rural,Acobamba,Marcas,UGEL Acobamba,No aplica,Mañana
1059906,175641,23286238,JAVIER HERAUD PEREZ,Secundaria,Escolarizado,Mixto,Pública de gestión directa,Sector Educación,CHOPCCA PAMPA,,CHOPCCA PAMPA,Rural,Acobamba,Paucara,UGEL Acobamba,No aplica,Mañana
0421321,176626,23285657,NUESTRA SEÑORA DE COCHARCAS,Secundaria,Escolarizado,Mixto,Pública de gestión directa,Sector Educación,CALLE CUZCO S/N,,PAUCARA,Urbana,Acobamba,Paucara,UGEL Acobamba,No aplica,Mañana y Tarde
0740373,176631,22774166,TUPAC AMARU II,Secundaria,Escolarizado,Mixto,Pública de gestión directa,Sector Educación,PLAZA PRINCIPAL S/N,,HUACHUA,Rural,Acobamba,Paucara,UGEL Acobamba,No aplica,Mañana
1058288,176645,22774085,MIGUEL GRAU SEMINARIO,Secundaria,Escolarizado,Mixto,Pública de gestión directa,Sector Educación,PLAZA PRINCIPAL S/N,,TINQUERCCASA,Rural,Acobamba,Paucara,UGEL Acobamba,No aplica,Mañana
1058247,176650,23285738,CESAR VALLEJO MENDOZA,Secundaria,Escolarizado,Mixto,Pública de gestión directa,Sector Educación,PLAZA PRINCIPAL S/N,,PUMARANRA,Rural,Acobamba,Paucara,UGEL Acobamba,No aplica,Mañana
1245182,176693,24045641,JUAN VELASCO ALVARADO,Secundaria,Escolarizado,Mixto,Pública de gestión directa,Sector Educación,PLAZA PRINCIPAL S/N,,PAMPAPUQUIO,Rural,Acobamba,Paucara,UGEL Acobamba,No aplica,Mañana
1453638,586020,26909317,GABRIEL GARCIA MARQUEZ,Secundaria,Escolarizado,Mixto,Pública de gestión directa,Sector Educación,CARRETERA PRINCIPAL S/N,,PACCHO MOLINOS,Rural,Acobamba,Paucara,UGEL Acobamba,No aplica,Mañana
1534973,623584,22773666,CESAR AUGUSTO GUARDIA MAYORGA,Secundaria,Escolarizado,Mixto,Pública de gestión directa,Sector Educación,PLAZA PRINCIPAL,,CHECCO CRUZ,Rural,Acobamba,Paucara,UGEL Acobamba,No aplica,Mañana
1629807,699734,25034155,GERMAN CARO RIOS,Secundaria,Escolarizado,Mixto,Pública de gestión directa,Sector Educación,PLAZA PRINCIPAL,,PAMPA CRUZ,Urbana,Acobamba,Paucara,UGEL Acobamba,No aplica,Mañana
1636778,713363,22773585,DANIEL HERNANDEZ MORILLO,Secundaria,Escolarizado,Mixto,Pública de gestión directa,Sector Educación,PLAZA PRINCIPAL DE LIBERTADORES,,LIBERTADORES CHOPCCA,Rural,Acobamba,Paucara,UGEL Acobamba,No aplica,Mañana
3001625,914922,20946393,CIENTIFICA INTEGRAL Y MATEMATICA,Secundaria,Escolarizado,Mixto,Privada,Particular,PLAZA MAYOR 160,,PAUCARA,Urbana,Acobamba,Paucara,UGEL Acobamba,No aplica,Mañana y Tarde
0421321,914903,23285657,NUESTRA SEÑORA DE COCHARCAS,Secundaria,Escolarizado,Mixto,Pública de gestión directa,Sector Educación,AVENIDA HIPODROMO S/N,,PAUCARA,Urbana,Acobamba,Paucara,UGEL Acobamba,No aplica,Mañana y Tarde
0537704,176848,23286076,JOSE MARIA ARGUEDAS,Secundaria,Escolarizado,Mixto,Pública de gestión directa,Sector Educación,PLAZA PRINCIPAL S/N,,POMACOCHA,Rural,Acobamba,Pomacocha,UGEL Acobamba,No aplica,Mañana
0579987,176834,22445561,JORGE CHAVEZ,Secundaria,Escolarizado,Mixto,Pública de gestión directa,Sector Educación,AVENIDA PERU S/N,,CHOCLOCOCHA,Rural,Acobamba,Pomacocha,UGEL Acobamba,No aplica,Mañana y Tarde
1402676,176805,22444999,PEDRO PAULET MOSTAJO,Secundaria,Escolarizado,Mixto,Pública de gestión directa,Sector Educación,PLAZA PRINCIPAL,LAS BEGONIAS,CHILCAPITE,Rural,Acobamba,Pomacocha,UGEL Acobamba,No aplica,Mañana
1402841,615824,22445723,FRANCISCO BOLOGNESI CERVANTES,Secundaria,Escolarizado,Mixto,Pública de gestión directa,Sector Educación,PLAZA PRINCIPAL S/N,,TORORUMI,Rural,Acobamba,Rosario,UGEL Acobamba,No aplica,Mañana
0637371,177008,22445642,INCA GARCILAZO DE LA VEGA,Secundaria,Escolarizado,Mixto,Pública de gestión directa,Sector Educación,PROLONGACION LIBERTADORES S/N,BOLOGNESI,PUCA CRUZ,Rural,Acobamba,Rosario,UGEL Acobamba,No aplica,Mañana y Tarde
1059203,177013,22773909,DANIEL ALCIDES CARRION,Secundaria,Escolarizado,Mixto,Pública de gestión directa,Sector Educación,CALLE LIMA S/N,,CHANQUIL,Rural,Acobamba,Rosario,UGEL Acobamba,No aplica,Mañana
1245109,177027,22444816,VIRGEN DEL ROSARIO,Secundaria,Escolarizado,Mixto,Pública de gestión directa,Sector Educación,LOS INCAS,,ROSARIO,Rural,Acobamba,Rosario,UGEL Acobamba,No aplica,Mañana
1314244,252413,22445235,JULIO RAMON RIBEYRO,Secundaria,Escolarizado,Mixto,Pública de gestión directa,Sector Educación,PLAZA PRINCIPAL S/N,,LLIPLLINA,Rural,Acobamba,Rosario,UGEL Acobamba,No aplica,Mañana
1403526,616550,22458019,LOS LIBERTADORES,Secundaria,Escolarizado,Mixto,Pública de gestión directa,Sector Educación,CCOCHAPATA,CCOCHAPATA,COCHAPATA,Rural,Angaraes,Lircay,UGEL Angaraes,No aplica,Mañana
0421297,177640,26935628,JOSE MARIA ARGUEDAS,Secundaria,Escolarizado,Varones,Pública de gestión directa,Sector Educación,AVENIDA JOSE MARIA ARGUEDAS 291,PUEBLO NUEVO,PUEBLO NUEVO,Urbana,Angaraes,Lircay,UGEL Angaraes,No aplica,Mañana
0571554,177659,25279018,RICARDO PALMA,Secundaria,Escolarizado,Mixto,Pública de gestión directa,Sector Educación,AVENIDA RICARDO PALMA S/N,,CARHUAPATA,Rural,Angaraes,Lircay,UGEL Angaraes,No aplica,Mañana
0637223,177664,26041147,CIRO ALEGRIA BAZAN,Secundaria,Escolarizado,Mixto,Pública de gestión directa,Sector Educación,PLAZA PRINCIPAL,,CONSTANCIA,Rural,Angaraes,Lircay,UGEL Angaraes,No aplica,Mañana
0687863,177678,22627236,TUPAC AMARU,Secundaria,Escolarizado,Mixto,Pública de gestión directa,Sector Educación,PLAZA PRINCIPAL,,BUENAVISTA,Rural,Angaraes,Lircay,UGEL Angaraes,No aplica,Mañana
0600783,177683,25279190,NUESTRA SEÑORA DEL CARMEN,Secundaria,Escolarizado,Mujeres,Pública de gestión directa,Sector Educación,AVENIDA ESMERALDA 0148,BELLAVISTA,LIRCAY,Urbana,Angaraes,Lircay,UGEL Angaraes,No aplica,Mañana
0802058,177094,25279271,MIGUEL GRAU SEMINARIO,Secundaria,Escolarizado,Mixto,Pública de gestión directa,Sector Educación,PLAZA PRINCIPAL,,CHAHUARMA,Rural,Angaraes,Lircay,UGEL Angaraes,No aplica,Mañana
1403377,616418,26957575,FEDERICO VILLARREAL,Secundaria,Escolarizado,Mixto,Privada,Particular,JIRON LIBERTAD 0138,PUEBLO NUEVO,PUEBLO NUEVO,Urbana,Angaraes,Lircay,UGEL Angaraes,No aplica,Mañana
1059849,177758,25279433,JOSE CARLOS MARIATEGUI,Secundaria,Escolarizado,Mixto,Pública de gestión directa,Sector Educación,PLAZA PRINCIPAL,,CCOLLPAPAMPA,Rural,Angaraes,Lircay,UGEL Angaraes,No aplica,Mañana
1380286,540273,22664018,ALBERTO BENAVIDES DE LA QUINTANA,Secundaria,Escolarizado,Mixto,Pública de gestión directa,Sector Educación,PLAZA PRINCIPAL,,YANAUTUTO,Rural,Angaraes,Lircay,UGEL Angaraes,No aplica,Mañana
1469105,596646,22627491,JUAN PABLO II,Secundaria,Escolarizado,Mixto,Pública de gestión directa,Sector Educación,PLAZA PRINCIPAL,UNION PROGRESO PATAHUASI,UNION PROGRESO PATAHUASI,Rural,Angaraes,Lircay,UGEL Angaraes,No aplica,Mañana
1694157,777642,25041089,VON NEUMANN,Secundaria,Escolarizado,Mixto,Privada,Particular,AVENIDA CENTENARIO 249,PUEBLO NUEVO,LIRCAY,Urbana,Angaraes,Lircay,UGEL Angaraes,No aplica,Mañana
1744671,177206,25597631,36214 ALBERT EINSTEIN,Secundaria,Escolarizado,Mixto,Pública de gestión directa,Sector Educación,AVENIDA JOSE MARIA ARGUEDAS 191,,BELLAVISTA,Urbana,Angaraes,Lircay,UGEL Angaraes,No aplica,Mañana
0571521,177942,25598474,VICTOR RAUL HAYA DE LA TORRE,Secundaria,Escolarizado,Mixto,Pública de gestión directa,Sector Educación,TUCO,TUCO,ANCHONGA,Rural,Angaraes,Anchonga,UGEL Angaraes,No aplica,Mañana
0802033,177782,26369916,DANIEL ALCIDES CARRION,Secundaria,Escolarizado,Mixto,Pública de gestión directa,Sector Educación,PLAZA PRINCIPAL,,SAN PABLO,Rural,Angaraes,Anchonga,UGEL Angaraes,No aplica,Mañana
1104892,178017,22458191,JUAN VELASCO ALVARADO,Secundaria,Escolarizado,Mixto,Pública de gestión directa,Sector Educación,PARCO ALTO,PARCO ALTO,PARCO ALTO,Rural,Angaraes,Anchonga,UGEL Angaraes,No aplica,Mañana
1246503,178022,22458272,JOSE GALVEZ BARRENECHEA,Secundaria,Escolarizado,Mixto,Pública de gestión directa,Sector Educación,PARCO CHACAPUNCO,PARCO CHACAPUNCO,PARCO CHACAPUNCO,Rural,Angaraes,Anchonga,UGEL Angaraes,No aplica,Mañana
1403443,616442,22458507,JOSE ABELARDO QUIÑONES,Secundaria,Escolarizado,Mixto,Pública de gestión directa,Sector Educación,TOTORA PAMPA,TOTORA PAMPA,ATALLA,Rural,Angaraes,Anchonga,UGEL Angaraes,No aplica,Mañana
1403435,616404,22458760,CESAR VALLEJO,Secundaria,Escolarizado,Mixto,Pública de gestión directa,Sector Educación,CALLANMARCA,CALLANMARCA,CALLANMARCA,Rural,Angaraes,Callanmarca,UGEL Angaraes,No aplica,Mañana
0802041,178135,22460072,1 DE MAYO,Secundaria,Escolarizado,Mixto,Pública de gestión directa,Sector Educación,AVENIDA 30 DE OCTUBRE S/N,,CCOCHACCASA,Rural,Angaraes,Ccochaccasa,UGEL Angaraes,No aplica,Mañana
1246545,178215,24437116,JOSE ANTONIO ENCINAS FRANCO,Secundaria,Escolarizado,Mixto,Pública de gestión directa,Sector Educación,CCASCCABAMBA,CCASCCABAMBA,CCASCCABAMBA,Rural,Angaraes,Ccochaccasa,UGEL Angaraes,No aplica,Mañana
1314277,253064,22457853,7 DE JUNIO,Secundaria,Escolarizado,Mixto,Pública de gestión directa,Sector Educación,PLAZA PRINCIPAL,,VELASCO PUCAPAMPA,Rural,Angaraes,Ccochaccasa,UGEL Angaraes,No aplica,Mañana
1771211,842143,25046110,JORGE BASADRE GROHMANN,Secundaria,Escolarizado,Mixto,Pública de gestión directa,Sector Educación,PARQUE PLAZA PRINCIPAL DE HUANCHUY,,HUANCHUY,Rural,Angaraes,Chincho,UGEL Angaraes,No aplica,Mañana
1403518,616545,22458434,FRANCISCO BOLOGNESI CERVANTES,Secundaria,Escolarizado,Mixto,Pública de gestión directa,Sector Educación,PLAZA PRINCIPAL,,YUNYACCASA,Rural,Angaraes,Congalla,UGEL Angaraes,No aplica,Mañana
0572008,178574,22627562,JOSE OLAYA BALANDRA,Secundaria,Escolarizado,Mixto,Pública de gestión directa,Sector Educación,PLAZA PRINCIPAL,,CHAYNABAMBA,Rural,Angaraes,Congalla,UGEL Angaraes,No aplica,Mañana
0637496,178588,26041309,MARIANO MELGAR,Secundaria,Escolarizado,Mixto,Pública de gestión directa,Sector Educación,PLAZA PRINCIPAL,,CONGALLA,Rural,Angaraes,Congalla,UGEL Angaraes,No aplica,Mañana
1414432,564377,25279352,JOSE MARIA EGUREN,Secundaria,Escolarizado,Mixto,Pública de gestión directa,Sector Educación,PLAZA PRINCIPAL,LIRCAYCCASA,LIRCAYCCASA,Rural,Angaraes,Congalla,UGEL Angaraes,No aplica,Mañana
1187871,178687,22457934,SAN ANTONIO DE PADUA,Secundaria,Escolarizado,Mixto,Pública de gestión directa,Sector Educación,HUANCA HUANCA,,HUANCA HUANCA,Rural,Angaraes,Huanca-huanca,UGEL Angaraes,No aplica,Mañana
0740472,178710,22627317,SEÑOR DE HUAYLLAY,Secundaria,Escolarizado,Mixto,Pública de gestión directa,Sector Educación,PLAZA PRINCIPAL,,HUAYLLAY GRANDE,Rural,Angaraes,Huayllay Grande,UGEL Angaraes,No aplica,Mañana
0421354,178833,22458353,JESUS NAZARENO,Secundaria,Escolarizado,Mixto,Pública de gestión directa,Sector Educación,PLAZA PRINCIPAL,,JULCAMARCA,Rural,Angaraes,Julcamarca,UGEL Angaraes,No aplica,Mañana
1245828,507061,22458681,CESAR VALLEJO MENDOZA,Secundaria,Escolarizado,Mixto,Pública de gestión directa,Sector Educación,PLAZA PRINCIPAL,,ANTAPARCO,Rural,Angaraes,San Antonio de Antaparco,UGEL Angaraes,No aplica,Mañana
0637462,179031,26926556,SANTO TOMAS DE AQUINO,Secundaria,Escolarizado,Mixto,Pública de gestión directa,Sector Educación,PLAZA PRINCIPAL,,SANTO TOMAS DE PATA,Rural,Angaraes,Santo Tomas de Pata,UGEL Angaraes,No aplica,Mañana
1531987,621250,26369835,FEDERICO FROEBEL,Secundaria,Escolarizado,Mixto,Pública de gestión directa,Sector Educación,CUTICSA,,CUTICSA GRANDE,Rural,Angaraes,Santo Tomas de Pata,UGEL Angaraes,No aplica,Mañana
1059054,179210,26041228,JOSE ANTONIO ENCINAS FRANCO,Secundaria,Escolarizado,Mixto,Pública de gestión directa,Sector Educación,PLAZA PRINCIPAL,,TRANCA,Rural,Angaraes,Secclla,UGEL Angaraes,No aplica,Mañana
0508077,179205,25279689,ANDRES AVELINO CACERES,Secundaria,Escolarizado,Mixto,Pública de gestión directa,Sector Educación,JIRON LOS HEROES S/N,CHUMBIBAMBA,SECCLLA,Rural,Angaraes,Secclla,UGEL Angaraes,No aplica,Mañana
1328038,473768,25279506,JOSE CARLOS MARIATEGUI,Secundaria,Escolarizado,Mixto,Pública de gestión directa,Sector Educación,PLAZA PRINCIPAL HUARACCOPATA,HUAROCCOPATA,HUARACCOPATA,Rural,Angaraes,Secclla,UGEL Angaraes,No aplica,Mañana
1717669,798786,22664190,INCA GARCILASO DE LA VEGA,Secundaria,Escolarizado,Mixto,Pública de gestión directa,Sector Educación,AVENIDA 28 DE JULIO S/N,,CCOCHATAY,Rural,Angaraes,Secclla,UGEL Angaraes,No aplica,Mañana
1774348,844378,22619314,ISAAC NEWTON,Secundaria,Escolarizado,Mixto,Pública de gestión directa,Sector Educación,CARRETERA SECCLLA A LIRCAY,QUIHUAY ATUNA,QUIHUAY ATUNA,Rural,Angaraes,Secclla,UGEL Angaraes,No aplica,Mañana
0275602,179465,23290359,SAN ROQUE,Secundaria,Escolarizado,Mixto,Pública de gestión directa,Sector Educación,AVENIDA LOS LIBERTADORES S/N,,CASTROVIRREYNA,Rural,Castrovirreyna,Castrovirreyna,UGEL Castrovirreyna,No aplica,Mañana
1058296,179494,22603620,LA VIRREYNA,Secundaria,Escolarizado,Mixto,Pública de gestión directa,Sector Educación,PLAZA PRINCIPAL,,PACOCOCHA,Rural,Castrovirreyna,Castrovirreyna,UGEL Castrovirreyna,No aplica,Mañana
1058213,179470,26041066,ANDRES AVELINO CACERES,Secundaria,Escolarizado,Mixto,Pública de gestión directa,Sector Educación,PLAZA PRINCIPAL,,ESMERALDA,Rural,Castrovirreyna,Castrovirreyna,UGEL Castrovirreyna,No aplica,Mañana
1058254,179489,22830341,VIRGEN DE LAS MERCEDES,Secundaria,Escolarizado,Mixto,Pública de gestión directa,Sector Educación,PLAZA PRINCIPAL,,SINTO,Rural,Castrovirreyna,Castrovirreyna,UGEL Castrovirreyna,No aplica,Mañana
1058890,179502,22839012,SAN ISIDRO,Secundaria,Escolarizado,Mixto,Pública de gestión directa,Sector Educación,PLAZA PRINCIPAL,AUGUSTO B. LEGUIA,SAN ISIDRO / COCHA,Rural,Castrovirreyna,Castrovirreyna,UGEL Castrovirreyna,No aplica,Mañana
1105188,179738,23289873,SAN MIGUEL,Secundaria,Escolarizado,Mixto,Pública de gestión directa,Sector Educación,AVENIDA 8 DE DICIEMBRE 118,,VILLA DE ARMA,Rural,Castrovirreyna,Arma,UGEL Castrovirreyna,No aplica,Mañana
1246180,508843,23289792,SAN ANTONIO DE COTAS,Secundaria,Escolarizado,Mixto,Pública de gestión directa,Sector Educación,AVENIDA PLAZA DE ARMAS 101,,COTAS,Rural,Castrovirreyna,Arma,UGEL Castrovirreyna,No aplica,Mañana
0510073,179941,22829378,CESAR ABRAHAM VALLEJO MENDOZA,Secundaria,Escolarizado,Mixto,Pública de gestión directa,Sector Educación,AVENIDA MANCHEGO MUÑOZ 485,,AURAHUA,Rural,Castrovirreyna,Aurahua,UGEL Castrovirreyna,No aplica,Mañana
1058700,179955,24437868,ANDRES AVELINO CACERES,Secundaria,Escolarizado,Mixto,Pública de gestión directa,Sector Educación,PLAZA DE ARMAS,,COCHAMARCA,Rural,Castrovirreyna,Aurahua,UGEL Castrovirreyna,No aplica,Mañana
1059260,179960,26040981,SAN JOSE,Secundaria,Escolarizado,Mixto,Pública de gestión directa,Sector Educación,JIRON SANTA CRUZ 228,,SAN JOSE DE CHOCORO,Rural,Castrovirreyna,Aurahua,UGEL Castrovirreyna,No aplica,Mañana
0492397,180077,24223191,SAN JUAN BAUTISTA,Secundaria,Escolarizado,Mixto,Pública de gestión directa,Sector Educación,PARQUE PLAZA DE ARMAS 109,,CAPILLAS,Rural,Castrovirreyna,Capillas,UGEL Castrovirreyna,No aplica,Mañana
1244946,180096,22839276,SAGRADO CORAZON DE JESUS,Secundaria,Escolarizado,Mixto,Pública de gestión directa,Sector Educación,PLAZA DE ARMAS,,CAJAMARCA,Rural,Castrovirreyna,Capillas,UGEL Castrovirreyna,No aplica,Mañana
1058171,180082,24437787,SAN JOSE,Secundaria,Escolarizado,Mixto,Pública de gestión directa,Sector Educación,PLAZA PRINCIPAL,,PAURANGA,Rural,Castrovirreyna,Capillas,UGEL Castrovirreyna,No aplica,Mañana
1735018,812971,24632148,BUENA VISTA,Secundaria,Escolarizado,Mixto,Pública de gestión directa,Sector Educación,PLAZA PRINCIPAL S/N,BUENA VISTA,BUENA VISTA,Rural,Castrovirreyna,Capillas,UGEL Castrovirreyna,No aplica,Mañana
0587501,180204,23290431,TUPAC AMARU,Secundaria,Escolarizado,Mixto,Pública de gestión directa,Sector Educación,AVENIDA TUPAC AMARU 241,LOS CLAVELES,CHANCAHUASI,Rural,Castrovirreyna,Chupamarca,UGEL Castrovirreyna,No aplica,Mañana
0687913,180218,23289954,JOSE CARLOS MARIATEGUI,Secundaria,Escolarizado,Mixto,Pública de gestión directa,Sector Educación,CALLE PALCCA RUME,,CHUPAMARCA,Rural,Castrovirreyna,Chupamarca,UGEL Castrovirreyna,No aplica,Mañana
1735026,812985,22839357,CARLOS ISMAEL NORIEGA JIMENEZ,Secundaria,Escolarizado,Mixto,Pública de gestión directa,Sector Educación,PLAZA PRINCIPAL ANEXO,,COLCABAMBA,Rural,Castrovirreyna,Chupamarca,UGEL Castrovirreyna,No aplica,Mañana
0687905,180317,23290197,SAN FRANCISCO,Secundaria,Escolarizado,Mixto,Pública de gestión directa,Sector Educación,PLAZA PRINCIPAL,,COCAS,Rural,Castrovirreyna,Cocas,UGEL Castrovirreyna,No aplica,Mañana
0275628,180483,22829602,SAN CRISTOBAL,Secundaria,Escolarizado,Mixto,Pública de gestión directa,Sector Educación,JIRON LIBERTAD 100,,HUACHOS,Rural,Castrovirreyna,Huachos,UGEL Castrovirreyna,No aplica,Mañana
0492405,180497,23992515,SAN MARTIN DE PORRES,Secundaria,Escolarizado,Mixto,Pública de gestión directa,Sector Educación,JIRON LA NUEVA ESPERANZA 200,,HUAJINTAY,Rural,Castrovirreyna,Huachos,UGEL Castrovirreyna,No aplica,Mañana
1609106,672635,25691271,SAN ANTONIO DE SUYTUPAMPA,Secundaria,Escolarizado,Mixto,Pública de gestión directa,Sector Educación,PLAZA PRINCIPAL,,SUYTUPAMPA,Rural,Castrovirreyna,Huachos,UGEL Castrovirreyna,No aplica,Mañana
1059146,180567,24223272,JOSE MARIA ARGUEDAS,Secundaria,Escolarizado,Mixto,Pública de gestión directa,Sector Educación,PLAZA DE ARMAS,,HUAMATAMBO,Rural,Castrovirreyna,Huamatambo,UGEL Castrovirreyna,No aplica,Mañana
1058858,180708,22838938,NIÑO JESUS,Secundaria,Escolarizado,Mixto,Pública de gestión directa,Sector Educación,PLAZA PRINCIPAL,,CIUTAY,Rural,Castrovirreyna,Mollepampa,UGEL Castrovirreyna,No aplica,Mañana
1058817,180713,22830007,CESAR VALLEJO,Secundaria,Escolarizado,Mixto,Pública de gestión directa,Sector Educación,PLAZA PRINCIPAL,,MOLLEPAMPA,Rural,Castrovirreyna,Mollepampa,UGEL Castrovirreyna,No aplica,Mañana
1105691,180727,22839195,JAVIER PEREZ DE CUELLAR,Secundaria,Escolarizado,Mixto,Pública de gestión directa,Sector Educación,PLAZA PRINCIPAL,,VILLOCO,Rural,Castrovirreyna,Mollepampa,UGEL Castrovirreyna,No aplica,Mañana
1105469,180845,23290014,SAN JUAN,Secundaria,Escolarizado,Mixto,Pública de gestión directa,Sector Educación,AVENIDA ASUNCION 205,,SAN JUAN,Rural,Castrovirreyna,San Juan,UGEL Castrovirreyna,No aplica,Mañana
1059872,180930,22656503,22 DE MAYO,Secundaria,Escolarizado,Mixto,Pública de gestión directa,Sector Educación,PLAZA PRINCIPAL,,SANTA ANA,Rural,Castrovirreyna,Santa Ana,UGEL Huancavelica,No aplica,Mañana
0275651,181034,22829866,FRANCISCO BOLOGNESI,Secundaria,Escolarizado,Mixto,Pública de gestión directa,Sector Educación,AVENIDA EL ANGEL 102-A,,TANTARA,Rural,Castrovirreyna,Tantara,UGEL Castrovirreyna,No aplica,Mañana
0275669,181232,23290278,LOS LIBERTADORES,Secundaria,Escolarizado,Mixto,Pública de gestión directa,Sector Educación,CALLE SAN JOSE S/N,,TICRAPO,Rural,Castrovirreyna,Ticrapo,UGEL Castrovirreyna,No aplica,Mañana
1058619,181246,22830181,VIRGEN DE SANTUARIO,Secundaria,Escolarizado,Mixto,Pública de gestión directa,Sector Educación,PLAZA PRINCIPAL,,CHACOYA,Rural,Castrovirreyna,Ticrapo,UGEL Castrovirreyna,No aplica,Mañana
1106426,181251,22829521,VINCE QUISPE ANDIA,Secundaria,Escolarizado,Mixto,Pública de gestión directa,Sector Educación,PLAZA PRINCIPAL,,LLACTAS,Rural,Castrovirreyna,Ticrapo,UGEL Castrovirreyna,No aplica,Mañana
0373217,181487,24437949,ANTONIO RAIMONDI,Secundaria,Escolarizado,Mixto,Pública de gestión directa,Sector Educación,JIRON ANTONIO RAIMONDI 977,,CHURCAMPA,Urbana,Churcampa,Churcampa,UGEL Churcampa,No aplica,Mañana
1405497,618498,22650645,CARLOS NORIEGA,Secundaria,Escolarizado,Mixto,Pública de gestión directa,Sector Educación,JIRON PROGRESO S/N,,SANTA ROSA DE PACCAY,Rural,Churcampa,Churcampa,UGEL Churcampa,No aplica,Mañana
1369214,531952,22570870,SEÑOR DE ATOCCASA,Secundaria,Escolarizado,Mixto,Pública de gestión directa,Sector Educación,JIRON SANTOS CHOCANO S/N,,CHURCAMPA,Urbana,Churcampa,Churcampa,UGEL Churcampa,No aplica,Mañana
1246347,555467,22649507,NUESTRA SEÑORA DE LAS MERCEDES,Secundaria,Escolarizado,Mixto,Pública de gestión directa,Sector Educación,AVENIDA 13 DE MAYO S/N,,PATACANCHA,Rural,Churcampa,Churcampa,UGEL Churcampa,No aplica,Mañana
1405745,618733,22571291,AUGUSTO SALAZAR BONDY,Secundaria,Escolarizado,Mixto,Pública de gestión directa,Sector Educación,CUYOCC,,CUYOCC,Rural,Churcampa,Anco,UGEL Churcampa,No aplica,Mañana
0637587,181835,22570951,SAN CRISTOBAL,Secundaria,Escolarizado,Mixto,Pública de gestión directa,Sector Educación,SANTA ELENA S/N,,CHOCCEPARCO / SANTA ELENA,Rural,Churcampa,Anco,UGEL Churcampa,No aplica,Mañana
0802272,181859,22648446,LA ESMERALDA,Secundaria,Escolarizado,Mixto,Pública de gestión directa,Sector Educación,AVENIDA AYACUCHO S/N,LAS VENECIAS,LA ESMERALDA,Rural,Churcampa,Anco,UGEL Churcampa,No aplica,Mañana
1059880,181864,22650807,AMAUTA,Secundaria,Escolarizado,Mixto,Pública de gestión directa,Sector Educación,MANZANAYOCC S/N,,MANZANAYOCC,Rural,Churcampa,Anco,UGEL Churcampa,No aplica,Mañana
1405539,618525,22447394,SANTIAGO ANTUNEZ DE MAYOLO,Secundaria,Escolarizado,Mixto,Pública de gestión directa,Sector Educación,SAN MIGUEL DE ARMA S/N,,SAN MIGUEL DE ARMA,Rural,Churcampa,Anco,UGEL Churcampa,No aplica,Mañana
1574086,646986,22648284,MICAELA BASTIDAS,Secundaria,Escolarizado,Mixto,Pública de gestión directa,Sector Educación,PLAZA PRINCIPAL S/N,,CONOCC,Rural,Churcampa,Anco,UGEL Churcampa,No aplica,Mañana
1631399,700799,22648853,CIRO ALEGRIA BAZAN,Secundaria,Escolarizado,Mixto,Pública de gestión directa,Sector Educación,SAN ANTONIO DE PAMPASPATA,,SAN ANTONIO DE PAMPASPATA,Rural,Churcampa,Anco,UGEL Churcampa,No aplica,Mañana
1773480,843883,22619233,FRANCISCO BOLOGNESI CERVANTES,Secundaria,Escolarizado,Mixto,Pública de gestión directa,Sector Educación,CARRETERA PRINCIPAL,,SANTA ROSA SALAPATA QUICLLO,Rural,Churcampa,Anco,UGEL Churcampa,No aplica,Mañana
1405729,618714,22571036,MIGUEL GRAU,Secundaria,Escolarizado,Mixto,Pública de gestión directa,Sector Educación,MILLPO,,OCCORO,Rural,Churcampa,Chinchihuasi,UGEL Churcampa,No aplica,Mañana
0569251,182019,22649434,INGENIO,Secundaria,Escolarizado,Mixto,Pública de gestión directa,Sector Educación,PANAC S/N,,CHINCHIHUASI,Rural,Churcampa,Chinchihuasi,UGEL Churcampa,No aplica,Mañana
0802306,182024,22647458,TUPAC AMARU,Secundaria,Escolarizado,Mixto,Pública de gestión directa,Sector Educación,ARMA PATACANCHA S/N,,ARMA PATACANCHA,Rural,Churcampa,Chinchihuasi,UGEL Churcampa,No aplica,Mañana
1631407,700803,22647296,UNION MANTARO,Secundaria,Escolarizado,Mixto,Pública de gestión directa,Sector Educación,PLAZA PRINCIPAL,,HUAYLLABAMBA,Rural,Churcampa,Chinchihuasi,UGEL Churcampa,No aplica,Mañana
0499749,182175,22468413,JOSE CARLOS MARIATEGUI,Secundaria,Escolarizado,Mixto,Pública de gestión directa,Sector Educación,AVENIDA EL CARMEN S/N,,PAUCARBAMBILLA,Rural,Churcampa,El Carmen,UGEL Churcampa,No aplica,Mañana
0802298,182180,22648772,JOSE SANTOS CHOCANO,Secundaria,Escolarizado,Mixto,Pública de gestión directa,Sector Educación,JIRON JESUS SEDANO BALDEON S/N,,PALERMO,Rural,Churcampa,El Carmen,UGEL Churcampa,No aplica,Mañana
1344738,705985,24438023,MARISCAL CACERES,Secundaria,Escolarizado,Mixto,Pública de gestión directa,Sector Educación,JIRON ANDAHUAYLAS S/N,,LARCAY,Rural,Churcampa,El Carmen,UGEL Churcampa,No aplica,Mañana
1717677,798791,22651064,ABEL YANCE ORTIZ,Secundaria,Escolarizado,Mixto,Pública de gestión directa,Sector Educación,AVENIDA ALEJANDRO VILLENA S/N,,LA MERCED,Rural,Churcampa,La Merced,UGEL Churcampa,No aplica,Mañana
0499442,182378,22468669,CESAR VALLEJO,Secundaria,Escolarizado,Mixto,Pública de gestión directa,Sector Educación,JIRON OLIVAS ESCUDERO S/N,,LOCROJA,Rural,Churcampa,Locroja,UGEL Churcampa,No aplica,Mañana
1059922,182383,22649272,JOSE ANTONIO ENCINAS FRANCO,Secundaria,Escolarizado,Mixto,Pública de gestión directa,Sector Educación,JIRON ALBERTO FUJIMORI S/N,,YAURECCAN,Rural,Churcampa,Locroja,UGEL Churcampa,No aplica,Mañana
1405554,618554,24060314,LEONCIO PRADO,Secundaria,Escolarizado,Mixto,Pública de gestión directa,Sector Educación,PLAZA PRINCIPAL,,SAN JUAN DE OCCOPAMPA,Rural,Churcampa,Locroja,UGEL Churcampa,No aplica,Mañana
1441765,751147,22571117,LUIS FEDERICO SALAS GUEVARA SHULTZ,Secundaria,Escolarizado,Mixto,Pública de gestión directa,Sector Educación,LA MERCED DE CHUPAS S/N,,LA MERCED DE CHUPAS,Rural,Churcampa,Locroja,UGEL Churcampa,No aplica,Mañana
0373241,182689,22659731,SAN FRANCISCO,Secundaria,Escolarizado,Mixto,Pública de gestión directa,Sector Educación,JIRON SAN FRANCISCO S/N,,PAUCARBAMBA,Rural,Churcampa,Paucarbamba,UGEL Churcampa,No aplica,Mañana
1244664,182726,22647865,RAUL JIMENEZ CHAVEZ,Secundaria,Escolarizado,Mixto,Pública de gestión directa,Sector Educación,CARRETERA COBRIZA-HUANCAYO KM 40,,NUEVA ESPERANZA DE CHONTA,Rural,Churcampa,Paucarbamba,UGEL Churcampa,No aplica,Mañana
0770719,182694,22647601,RICARDO PALMA,Secundaria,Escolarizado,Mixto,Pública de gestión directa,Sector Educación,HUANCHOS,,HUANCHOS,Rural,Churcampa,Paucarbamba,UGEL Churcampa,No aplica,Mañana
1369222,531947,26679885,CHRISTIAN BARNARD,Secundaria,Escolarizado,Mixto,Pública de gestión directa,Sector Educación,CARRETERA PAUCARBAMBA - HUANCHOS KM 5,,SAN CRISTOBAL DE CCOCHA,Rural,Churcampa,Paucarbamba,UGEL Churcampa,No aplica,Mañana
1246263,555453,22649841,MANUEL GONZALES PRADA,Secundaria,Escolarizado,Mixto,Pública de gestión directa,Sector Educación,HUARIBAMBILLA,,HUARIBAMBILLA,Rural,Churcampa,Paucarbamba,UGEL Churcampa,No aplica,Mañana
1651645,733785,22650238,ENRIQUE GUZMAN Y VALLE,Secundaria,Escolarizado,Mixto,Pública de gestión directa,Sector Educación,PLAZA PRINCIPAL S/N,,COMUHUILLCA,Rural,Churcampa,Paucarbamba,UGEL Churcampa,No aplica,Mañana
1723303,182528,22635980,MARIO VARGAS LLOSA,Secundaria,Escolarizado,Mixto,Pública de gestión directa,Sector Educación,CALLE PROGRESO S/N,,UCHUY CRUZ,Rural,Churcampa,Paucarbamba,UGEL Churcampa,No aplica,Mañana
1244706,618549,22468332,SAN MIGUEL,Secundaria,Escolarizado,Mixto,Pública de gestión directa,Sector Educación,JIRON LIMA S/N,,SAN MIGUEL DE MAYOCC,Rural,Churcampa,San Miguel de Mayocc,UGEL Churcampa,No aplica,Mañana
1405752,618747,22570791,VICTOR GAMARRA AYALA,Secundaria,Escolarizado,Mixto,Pública de gestión directa,Sector Educación,LAYAMPAMPA S/N,,CARHUANCHO,Rural,Churcampa,San Pedro de Coris,UGEL Churcampa,No aplica,Mañana
0637611,182934,22468588,JAVIER HERAUD,Secundaria,Escolarizado,Mixto,Pública de gestión directa,Sector Educación,AVENIDA CAJAMARCA 701,,SAN PEDRO DE CORIS,Rural,Churcampa,San Pedro de Coris,UGEL Churcampa,No aplica,Mañana
0687897,182825,22281879,37510 JOSE ABELARDO QUIÑONES GONZALES,Secundaria,Escolarizado,Mixto,Pública de gestión directa,Sector Educación,AVENIDA GRAU S/N,,EXPANSION / PAMPA DE CORIS,Rural,Churcampa,San Pedro de Coris,UGEL Churcampa,No aplica,Mañana
1246388,555472,22649760,FELIPE GUAMAN POMA DE AYALA,Secundaria,Escolarizado,Mixto,Pública de gestión directa,Sector Educación,PAMPALCA,,PAMPALCA,Rural,Churcampa,San Pedro de Coris,UGEL Churcampa,No aplica,Mañana
0802264,183146,22649019,JOSE MARIA ARGUEDAS,Secundaria,Escolarizado,Mixto,Pública de gestión directa,Sector Educación,PACHAMARCA S/N,,PACHAMARCA,Rural,Churcampa,Pachamarca,UGEL Churcampa,No aplica,Mañana
1104652,183165,22648020,NUEVO MILENIO,Secundaria,Escolarizado,Mixto,Pública de gestión directa,Sector Educación,JIRON 28 DE JULIO S/N,,PATIBAMBA,Rural,Churcampa,Pachamarca,UGEL Churcampa,No aplica,Mañana
1104611,183151,22650491,DANIEL ALCIDES CARRION,Secundaria,Escolarizado,Mixto,Pública de gestión directa,Sector Educación,WARI PATA S/N,,CCOYLLORPANCCA,Rural,Churcampa,Pachamarca,UGEL Churcampa,No aplica,Mañana
1773498,843897,22619152,ALFONSO UGARTE VERNAL,Secundaria,Escolarizado,Mixto,Pública de gestión directa,Sector Educación,CALLE ALFONSO UGARTE S/N,,ILLPE,Rural,Churcampa,Pachamarca,UGEL Churcampa,No aplica,Mañana
0770727,181840,22650726,ANDRES AVELINO CACERES,Secundaria,Escolarizado,Mixto,Pública de gestión directa,Sector Educación,CARRETERA VILLENA - COSME - LLACUA KM 16,,SANTA CLARA DE COSME,Rural,Churcampa,Cosme,UGEL Churcampa,No aplica,Mañana
1405521,618511,22447475,JUAN VELASCO ALVARADO,Secundaria,Escolarizado,Mixto,Pública de gestión directa,Sector Educación,CARRETERA SOCOS-COTAY,,ANTACALLA,Rural,Churcampa,Cosme,UGEL Churcampa,No aplica,Mañana
1570787,644609,22650076,GERMAN CARO RIOS,Secundaria,Escolarizado,Mixto,Pública de gestión directa,Sector Educación,PUEBLO LIBRE DE CHILCAPATA,LOS CEDROS DE VILLA,PUEBLO LIBRE DE CHILCAPATA,Rural,Churcampa,Cosme,UGEL Churcampa,No aplica,Mañana
1787779,854466,23283001,JORGE BASADRE GROHMANN,Secundaria,Escolarizado,Mixto,Pública de gestión directa,Sector Educación,PLAZA PRINCIPAL S/N,,SANTA ROSA DE LLACUA,Rural,Churcampa,Cosme,UGEL Churcampa,No aplica,Mañana
3057015,916515,26676738,MARISCAL RAMON CASTILLA,Secundaria,Escolarizado,Mixto,Pública de gestión directa,Sector Educación,PLAZA PRINCIPAL,,COTAY,Rural,Churcampa,Cosme,UGEL Churcampa,No aplica,Mañana
0275636,183306,26840090,SAN JUAN BAUTISTA,Secundaria,Escolarizado,Mixto,Pública de gestión directa,Sector Educación,AVENIDA EL SOL 230,,HUAYTARA,Rural,Huaytará,Huaytara,UGEL Huaytará,No aplica,Mañana
0608539,183405,23989239,NIÑO JESUS,Secundaria,Escolarizado,Mixto,Pública de gestión directa,Sector Educación,AVENIDA LIBERTADORES S/N,,AYAVI,Rural,Huaytará,Ayavi,UGEL Huaytará,No aplica,Mañana
0275610,183561,24439501,CESAR VALLEJO,Secundaria,Escolarizado,Mixto,Pública de gestión directa,Sector Educación,FUNDO VALENCIA,,CORDOVA,Rural,Huaytará,Córdova,UGEL Huaytará,No aplica,Mañana
1059567,183622,26788374,SANTA TERESITA,Secundaria,Escolarizado,Mixto,Pública de gestión directa,Sector Educación,CALLE ALTA S/N,,HUAYACUNDO ARMA,Rural,Huaytará,Huayacundo Arma,UGEL Huaytará,No aplica,Mañana
1105899,183679,23294311,INMACULADA CONCEPCION,Secundaria,Escolarizado,Mixto,Pública de gestión directa,Sector Educación,JIRON SAYHUACHA S/N,,LARAMARCA,Rural,Huaytará,Laramarca,UGEL Huaytará,No aplica,Mañana
1059583,183801,23294567,CELESTINO MANCHEGO MUÑOZ,Secundaria,Escolarizado,Mixto,Pública de gestión directa,Sector Educación,AVENIDA PLAZA PRINCIPAL S/N,,OCOYO,Rural,Huaytará,Ocoyo,UGEL Huaytará,No aplica,Mañana
1406461,619469,24438937,VIRGEN DE LAS NIEVES,Secundaria,Escolarizado,Mixto,Pública de gestión directa,Sector Educación,PACOMARCA,,PACOMARCA,Rural,Huaytará,Ocoyo,UGEL Huaytará,No aplica,Mañana
0511071,184061,24441989,JOSE CARLOS MARIATEGUI,Secundaria,Escolarizado,Mixto,Pública de gestión directa,Sector Educación,AVENIDA LOS LIBERTADORES S/N,,PILPICHACA,Rural,Huaytará,Pilpichaca,UGEL Huaytará,No aplica,Mañana
1059955,184075,24439194,TECNICO AGROPECUARIO ARTESANAL,Secundaria,Escolarizado,Mixto,Pública de gestión directa,Sector Educación,PARQUE PLAZA PRINCIPAL S/N,,LLILLINTA,Rural,Huaytará,Pilpichaca,UGEL Huaytará,No aplica,Mañana
1311695,211111,25737725,INGAHUASI,Secundaria,Escolarizado,Mixto,Pública de gestión directa,Sector Educación,PARQUE PLAZA PRINCIPAL S/N,,INGAHUASI,Rural,Huaytará,Pilpichaca,UGEL Huaytará,No aplica,Mañana
1349554,518470,22603884,SAN FELIPE,Secundaria,Escolarizado,Mixto,Pública de gestión directa,Sector Educación,PARQUE PLAZA PRINCIPAL S/N,,SAN FELIPE,Rural,Huaytará,Pilpichaca,UGEL Huaytará,No aplica,Mañana
1349570,518229,26319196,MIGUEL GRAU SEMINARIO,Secundaria,Escolarizado,Mixto,Pública de gestión directa,Sector Educación,PARQUE PLAZA PRINCIPAL S/N,,PICHCCAHUASI,Rural,Huaytará,Pilpichaca,UGEL Huaytará,No aplica,Mañana
1403450,616480,25451430,JOSE ANTONIO ENCINAS FRANCO,Secundaria,Escolarizado,Mixto,Pública de gestión directa,Sector Educación,PLAZA PRINCIPAL,,SOCCLLABAMBA,Rural,Huaytará,Pilpichaca,UGEL Angaraes,No aplica,Mañana
1438068,580315,25454162,PELAPATA,Secundaria,Escolarizado,Mixto,Pública de gestión directa,Sector Educación,PARQUE PLAZA PRINCIPAL S/N,PELAPATA,PELAPATA,Rural,Huaytará,Pilpichaca,UGEL Huaytará,No aplica,Mañana
1731165,808592,26935709,JOSE DE SAN MARTIN,Secundaria,Escolarizado,Mixto,Pública de gestión directa,Sector Educación,PIMIENTA,PIMIENTA,PIMIENTA,Rural,Huaytará,Pilpichaca,UGEL Huaytará,No aplica,Mañana
1796440,916718,23989727,22504,Secundaria,Escolarizado,Mixto,Pública de gestión directa,Sector Educación,CCOLLPAPATA,,CCOLLPAPATA,Rural,Huaytará,Pilpichaca,UGEL Huaytará,No aplica,Mañana
0801597,184198,23294494,SAN FRANCISCO DE ASIS,Secundaria,Escolarizado,Mixto,Pública de gestión directa,Sector Educación,PARQUE PLAZA PRINCIPAL S/N,,QUERCO,Rural,Huaytará,Querco,UGEL Huaytará,No aplica,Mañana
0553404,184297,26040493,ELEODORO BELLIDO BRAVO,Secundaria,Escolarizado,Mixto,Pública de gestión directa,Sector Educación,CALLE MUNICIPALIDAD S/N,,QUITO ARMA,Rural,Huaytará,Quito-arma,UGEL Huaytará,No aplica,Mañana
0581256,184476,26301432,JOSE MARIA ARGUEDAS,Secundaria,Escolarizado,Mixto,Pública de gestión directa,Sector Educación,AVENIDA PERU S/N,,SAN ANTONIO DE CUSICANCHA,Rural,Huaytará,San Antonio de Cusicancha,UGEL Huaytará,No aplica,Mañana
1105931,184481,22823906,MANUEL GONZALES PRADA,Secundaria,Escolarizado,Mixto,Pública de gestión directa,Sector Educación,PARQUE PLAZA PRINCIPAL S/N,,SACSAQUERO,Rural,Huaytará,San Antonio de Cusicancha,UGEL Huaytará,No aplica,Mañana
1634260,706942,24439437,MARCAS PAMPAPUQUIO,Secundaria,Escolarizado,Mixto,Pública de gestión directa,Sector Educación,PLAZA PRINCIPAL S/N,MARCAS PAMPAPUQUIO,MARCAS PAMPAPUQUIO,Rural,Huaytará,San Antonio de Cusicancha,UGEL Huaytará,No aplica,Mañana
1782259,184400,23986590,22595,Secundaria,Escolarizado,Mixto,Pública de gestión directa,Sector Educación,PASAJE TAMBO DE CUSICANCHA,,TAMBO DE CUSICANCHA,Rural,Huaytará,San Antonio de Cusicancha,UGEL Huaytará,No aplica,Mañana
1105972,184589,23984512,SAN FRANCISCO,Secundaria,Escolarizado,Mixto,Pública de gestión directa,Sector Educación,PARQUE PLAZA PRINCIPAL S/N,,SAN FRANCISCO DE SANGAYAICO,Rural,Huaytará,San Francisco de Sangayaico,UGEL Huaytará,No aplica,Mañana
1406479,610459,24438856,SANTA ROSA DE ACORA,Secundaria,Escolarizado,Mixto,Pública de gestión directa,Sector Educación,SANTA ROSA DE ACORA,,SANTA ROSA DE ACORA,Rural,Huaytará,San Francisco de Sangayaico,UGEL Huaytará,No aplica,Mañana
1794742,184565,25454324,22586,Secundaria,Escolarizado,Mixto,Pública de gestión directa,Sector Educación,PARQUE PLAZA PRINCIPAL S/N,,OCORO,Rural,Huaytará,San Francisco de Sangayaico,UGEL Huaytará,No aplica,Mañana
3023330,184546,23293811,22223,Secundaria,Escolarizado,Mixto,Pública de gestión directa,Sector Educación,AVENIDA TINCOCC ULLPAC S/N,,SAN ANTONIO DE TINCOCC ULLPACC,Rural,Huaytará,San Francisco de Sangayaico,UGEL Huaytará,No aplica,Mañana
0687947,184669,26040566,LIBERTADOR SIMON BOLIVAR,Secundaria,Escolarizado,Mixto,Pública de gestión directa,Sector Educación,CARRETERA YERBABUENAYOCC S/N,,SAN ISIDRO DE HUIRPACANCHA,Rural,Huaytará,San Isidro,UGEL Huaytará,No aplica,Mañana
0275644,185032,23294230,JUAN PABLO VIZCARDO Y GUZMAN,Secundaria,Escolarizado,Mixto,Pública de gestión directa,Sector Educación,AVENIDA SAN FELIPE S/N,,SANTIAGO DE CHOCORVOS,Rural,Huaytará,Santiago de Chocorvos,UGEL Huaytará,No aplica,Mañana
0687921,185046,24439011,ANDRES AVELINO CACERES,Secundaria,Escolarizado,Mixto,Pública de gestión directa,Sector Educación,PARQUE PLAZA PRINCIPAL S/N,,SANTA ANA DE ANDAYMARCA,Rural,Huaytará,Santiago de Chocorvos,UGEL Huaytará,No aplica,Mañana
0687939,185051,24439356,PEDRO PABLO ATUSPARIA,Secundaria,Escolarizado,Mixto,Pública de gestión directa,Sector Educación,AVENIDA GENERAL CORDOVA S/N,,SAN MIGUEL DE CURIS,Rural,Huaytará,Santiago de Chocorvos,UGEL Huaytará,No aplica,Mañana
1059724,185131,24439275,APOSTOL SANTIAGO,Secundaria,Escolarizado,Mixto,Pública de gestión directa,Sector Educación,PARQUE PLAZA PRINCIPAL,,SANTIAGO DE QUIRAHUARA,Rural,Huaytará,Santiago de Quirahuara,UGEL Huaytará,No aplica,Mañana
1105733,185211,24438775,JOSE CARLOS MARIATEGUI,Secundaria,Escolarizado,Mixto,Pública de gestión directa,Sector Educación,AVENIDA MARIATEGUI S/N,,SANTO DOMINGO DE CAPILLAS,Rural,Huaytará,Santo Domingo de Capillas,UGEL Huaytará,No aplica,Mañana
0581223,185329,23991292,SANTA ROSA,Secundaria,Escolarizado,Mixto,Pública de gestión directa,Sector Educación,AVENIDA ALAMEDA S/N,,SANTA ROSA DE TAMBO,Rural,Huaytará,Tambo,UGEL Huaytará,No aplica,Mañana
0217281,185541,23310491,DANIEL HERNANDEZ,Secundaria,Escolarizado,Varones,Pública de gestión directa,Sector Educación,JIRON MANCO CAPAC 152,,PAMPAS,Urbana,Tayacaja,Pampas,UGEL Tayacaja,No aplica,Mañana
0372805,185555,24442977,NUESTRA SEÑORA DE LOURDES,Secundaria,Escolarizado,Mixto,Pública de gestión privada,Convenio con Sector Educación,JIRON PROGRESO 551,,PAMPAS,Urbana,Tayacaja,Pampas,UGEL Tayacaja,No aplica,Mañana
1106657,185621,26378419,DIVINO MAESTRO,Secundaria,Escolarizado,Mixto,Privada,Particular,JIRON LA MAR 598,,PAMPAS,Urbana,Tayacaja,Pampas,UGEL Tayacaja,No aplica,Mañana
1229129,185598,25036621,JESUS DE BELEN,Secundaria,Escolarizado,Mixto,Privada,Particular,JIRON LIMA 217,,PAMPAS,Urbana,Tayacaja,Pampas,UGEL Tayacaja,No aplica,Mañana
1407386,620378,26976219,CASAY,Secundaria,Escolarizado,Mixto,Pública de gestión directa,Sector Educación,PLAZA PRINCIPAL,OCCOBAMBA CASAY,OCCOBAMBA CASAY,Rural,Tayacaja,Pampas,UGEL Tayacaja,No aplica,Mañana
1408038,621009,25042311,INGENIERIA,Secundaria,Escolarizado,Mixto,Privada,Particular,AVENIDA PROGRESO 296,MIRAFLORES,PAMPAS,Urbana,Tayacaja,Pampas,UGEL Tayacaja,No aplica,Mañana
1350727,519177,22705441,ENRIQUE LOPEZ ALBUJAR,Secundaria,Escolarizado,Mixto,Pública de gestión directa,Sector Educación,PLAZA PRINCIPAL S/N,,PUCA ERA,Rural,Tayacaja,Pampas,UGEL Tayacaja,No aplica,Mañana
1350875,519163,26320658,CESAR VALLEJO,Secundaria,Escolarizado,Mixto,Pública de gestión directa,Sector Educación,PLAZA PRINCIPAL,,PACTI,Rural,Tayacaja,Pampas,UGEL Tayacaja,No aplica,Mañana
1379593,185517,23310724,ABRAHAM VALDELOMAR PINTO,Secundaria,Escolarizado,Mixto,Pública de gestión directa,Sector Educación,PLAZA PRINCIPAL,MANTACRA,MANTACRA,Rural,Tayacaja,Pampas,UGEL Tayacaja,No aplica,Mañana
1416437,252192,23308274,ALFONSO UGARTE Y VERNAL,Secundaria,Escolarizado,Mixto,Pública de gestión directa,Sector Educación,JIRON SAN CRISTOBAL S/N,YACURAQUINA,YACURAQUINA,Urbana,Tayacaja,Pampas,UGEL Tayacaja,No aplica,Mañana
3025467,906658,25606477,FRANCOIS VIETE,Secundaria,Escolarizado,Mixto,Privada,Particular,JIRON MARISCAL CACERES 249 MZ A ETAPA I,,PAMPAS,Urbana,Tayacaja,Pampas,UGEL Tayacaja,No aplica,Mañana y Tarde
0373225,185819,26320811,NUESTRA SEÑORA DE LA ASUNCION,Secundaria,Escolarizado,Mixto,Pública de gestión directa,Sector Educación,CARRETERA HUANCAYO - HUANCAVELICA KM. 38,BARRIO PROGRESO,ACOSTAMBO,Rural,Tayacaja,Acostambo,UGEL Tayacaja,No aplica,Mañana
1350750,519318,24527042,VILLA REAL,Secundaria,Escolarizado,Mixto,Pública de gestión directa,Sector Educación,PLAZA PRINCIPAL,VILLA REAL,PACCHAPATA BAJA,Rural,Tayacaja,Acostambo,UGEL Tayacaja,No aplica,Mañana
1470020,597410,22843540,SAN ANTONIO,Secundaria,Escolarizado,Mixto,Pública de gestión directa,Sector Educación,PLAZA PRINCIPAL,QUINTAOJO,QUINTAOJO,Rural,Tayacaja,Acostambo,UGEL Tayacaja,No aplica,Mañana
0637314,186036,22708414,JOSE MARIA ARGUEDAS ALTAMIRANO,Secundaria,Escolarizado,Mixto,Pública de gestión directa,Sector Educación,JIRON ALFONSO UGARTE S/N,,ACRAQUIA,Rural,Tayacaja,Acraquia,UGEL Tayacaja,No aplica,Mañana
1060052,186055,22842552,JOSE ANTONIO ENCINAS,Secundaria,Escolarizado,Mixto,Pública de gestión directa,Sector Educación,PLAZA PRINCIPAL S/N,,HUASAPUQUIO,Rural,Tayacaja,Acraquia,UGEL Tayacaja,No aplica,Mañana
1350735,519224,23269570,MANUEL GONZALES PRADA,Secundaria,Escolarizado,Mixto,Pública de gestión directa,Sector Educación,PLAZA PRINCIPAL,,CENTRO UNION ACRAQUIA,Rural,Tayacaja,Acraquia,UGEL Tayacaja,No aplica,Mañana
1572965,645840,24526968,MICAELA BASTIDAS PUYUCAHUA,Secundaria,Escolarizado,Mujeres,Pública de gestión directa,Sector Educación,PLAZA PRINCIPAL,ACRAQUIA,ACRAQUIA,Rural,Tayacaja,Acraquia,UGEL Tayacaja,No aplica,Mañana
0600361,186239,23269406,MI PERU,Secundaria,Escolarizado,Mixto,Pública de gestión directa,Sector Educación,CALLE MANCHEGO MUÑOZ S/N,,AHUAYCHA,Rural,Tayacaja,Ahuaycha,UGEL Tayacaja,No aplica,Mañana
0687772,186244,22704605,SAN MIGUEL,Secundaria,Escolarizado,Mixto,Pública de gestión directa,Sector Educación,AVENIDA MANUEL TORRES S/N,,SAN MIGUEL DE HUALLHUA,Rural,Tayacaja,Ahuaycha,UGEL Tayacaja,No aplica,Mañana
1350826,519304,26301351,SANTIAGO ANTUNEZ DE MAYOLO,Secundaria,Escolarizado,Mixto,Pública de gestión directa,Sector Educación,PLAZA PRINCIPAL,JOSE GALVEZ,NUEVA ESPERANZA,Rural,Tayacaja,Ahuaycha,UGEL Tayacaja,No aplica,Mañana
1572999,645878,24339106,JUAN CARLOS COMUN GAVILAN,Secundaria,Escolarizado,Mixto,Pública de gestión directa,Sector Educación,PLAZA PRINCIPAL,VISTA ALEGRE,VISTA ALEGRE,Rural,Tayacaja,Ahuaycha,UGEL Tayacaja,No aplica,Mañana
1698588,781187,24339289,CIENTIFICO DE LOS ANDES,Secundaria,Escolarizado,Mixto,Pública de gestión directa,Sector Educación,PLAZA PRINCIPAL S/N,,CCONOC,Rural,Tayacaja,Ahuaycha,UGEL Tayacaja,No aplica,Mañana
0373266,186814,24443132,SANTIAGO ANTUNEZ DE MAYOLO,Secundaria,Escolarizado,Mixto,Pública de gestión directa,Sector Educación,CALLE SAN JUAN XXIII,,COLCABAMBA,Urbana,Tayacaja,Colcabamba,UGEL Tayacaja,No aplica,Mañana
0600395,186828,23307774,CIRO ALEGRIA BAZAN,Secundaria,Escolarizado,Mixto,Pública de gestión directa,Sector Educación,JIRON LOS LIBERTADORES S/N,OCORO,OCORO,Rural,Tayacaja,Colcabamba,UGEL Tayacaja,No aplica,Mañana
0743310,186847,23307855,CESAR VALLEJO MENDOZA,Secundaria,Escolarizado,Mixto,Pública de gestión directa,Sector Educación,JIRON SIMON BOLIVAR S/N,CARPAPATA,CARPAPATA,Rural,Tayacaja,Colcabamba,UGEL Tayacaja,No aplica,Mañana
1059377,186946,22704869,RICARDO PALMA,Secundaria,Escolarizado,Mixto,Pública de gestión directa,Sector Educación,CALLE SAN ISIDRO S/N,TOCLLACURI,TOCLLACURI,Rural,Tayacaja,Colcabamba,UGEL Tayacaja,No aplica,Mañana
1059419,186951,22705369,ENRIQUETA SAMANEZ DE HERMOZA,Secundaria,Escolarizado,Mixto,Pública de gestión directa,Sector Educación,AVENIDA SAN JULIAN,,TOCAS,Rural,Tayacaja,Colcabamba,UGEL Tayacaja,No aplica,Mañana
1407493,620482,22705512,CARLOS NORIEGA JIMENEZ,Secundaria,Escolarizado,Mixto,Pública de gestión directa,Sector Educación,BARRIO SAN JULIAN,,POCCYACC,Rural,Tayacaja,Colcabamba,UGEL Tayacaja,No aplica,Mañana
1350768,519238,22446894,JAVIER PRADO UGARTECHE,Secundaria,Escolarizado,Mixto,Pública de gestión directa,Sector Educación,AVENIDA PRINCIPAL S/N,,INDEPENDENCIA,Rural,Tayacaja,Colcabamba,UGEL Tayacaja,No aplica,Mañana
1379601,786095,25695720,DANIEL ALOMIA ROBLES,Secundaria,Escolarizado,Mixto,Pública de gestión directa,Sector Educación,PLAZA PRINCIPAL S/N,,PICHIU / SAN ANTONIO DE PICHIU,Rural,Tayacaja,Colcabamba,UGEL Tayacaja,No aplica,Mañana
1388859,544737,23296543,MIGUEL GRAU SEMINARIO,Secundaria,Escolarizado,Mixto,Pública de gestión directa,Sector Educación,PLAZA PRINCIPAL,,RANRA,Rural,Tayacaja,Colcabamba,UGEL Tayacaja,No aplica,Mañana
1415033,564867,26320739,JOSE GALVEZ EGUSQUIZA,Secundaria,Escolarizado,Mixto,Pública de gestión directa,Sector Educación,PLAZA PRINCIPAL,CHACHAS,CHACHAS,Rural,Tayacaja,Colcabamba,UGEL Tayacaja,No aplica,Mañana
1562396,855951,24693856,MARIA INMACULADA CONCEPCION,Secundaria,Escolarizado,Mixto,Pública de gestión directa,Sector Educación,AVENIDA SANTIAGO ANTUNEZ DE MAYOLO S/N ETAPA 0 SECTOR 0,COLCABAMBA,COLCABAMBA,Urbana,Tayacaja,Colcabamba,UGEL Tayacaja,No aplica,Mañana
1653377,735303,24339025,LOS LIBERTADORES DE AMERICA,Secundaria,Escolarizado,Mixto,Pública de gestión directa,Sector Educación,PLAZA PRINCIPAL S/N,,PILCOS,Rural,Tayacaja,Colcabamba,UGEL Tayacaja,No aplica,Mañana
1698356,781088,25659015,SANTISIMO DE JESUS,Secundaria,Escolarizado,Mixto,Pública de gestión directa,Sector Educación,PLAZA PRINCIPAL S/N,,LA FLORIDA,Rural,Tayacaja,Colcabamba,UGEL Tayacaja,No aplica,Mañana
1767516,838122,26899257,CEPAE,Secundaria,Escolarizado,Mixto,Privada,Particular,JIRON CAHUIDE S/N,CCOLLCCASA,COLCABAMBA,Urbana,Tayacaja,Colcabamba,UGEL Tayacaja,No aplica,Mañana
0743302,187253,24068587,TUPAC AMARU II,Secundaria,Escolarizado,Mixto,Pública de gestión directa,Sector Educación,PASAJE TUPAC AMARU S/N,PAMPA BLANCA,PAMPA BLANCA,Rural,Tayacaja,Daniel Hernández,UGEL Tayacaja,No aplica,Mañana
1407592,620627,24442144,MARISCAL CACERES,Secundaria,Escolarizado,Mixto,Pública de gestión directa,Sector Educación,JIRON JOSE OLAYA S/N,ALLPAHUASI,MARISCAL CACERES,Urbana,Tayacaja,Daniel Hernández,UGEL Tayacaja,No aplica,Mañana
1380245,592634,23310562,SAN JUAN DE PALTARUMI,Secundaria,Escolarizado,Mixto,Pública de gestión directa,Sector Educación,SAN JUAN DE PALTARUMI,ROSASPAMPA,SAN JUAN DE PALTARUMI,Rural,Tayacaja,Daniel Hernández,UGEL Tayacaja,No aplica,Mañana
1629732,187074,24442896,MARISCAL CASTILLA,Secundaria,Escolarizado,Mixto,Pública de gestión directa,Sector Educación,AVENIDA PERU S/N,MARISCAL CACERES,MARISCAL CACERES,Urbana,Tayacaja,Daniel Hernández,UGEL Tayacaja,No aplica,Mañana
0580415,187470,23993279,SANTA ROSA,Secundaria,Escolarizado,Mixto,Pública de gestión directa,Sector Educación,AVENIDA AUGUSTO HINOSTROZA ARROYO S/N,,HUACHOCOLPA,Rural,Tayacaja,Huachocolpa,UGEL Surcubamba,No aplica,Mañana
1525419,615367,24959503,NAVIO COMUN GAVILAN,Secundaria,Escolarizado,Mixto,Pública de gestión directa,Sector Educación,CARRETERA TAURIBAMBA,,TAURIBAMBA,Rural,Tayacaja,Huachocolpa,UGEL Surcubamba,No aplica,Mañana
1752922,826341,25191897,JOSE CARLOS MARIATEGUI,Secundaria,Escolarizado,Mixto,Pública de gestión directa,Sector Educación,PLAZA PRINCIPAL,,MARCAVALLE,Rural,Tayacaja,Huachocolpa,UGEL Surcubamba,No aplica,Mañana
0499269,188083,26320402,AUGUSTO SALAZAR BONDY,Secundaria,Escolarizado,Mixto,Pública de gestión directa,Sector Educación,AVENIDA HUANCAVELICA S/N,,HUARIBAMBA,Rural,Tayacaja,Huaribamba,UGEL Tayacaja,No aplica,Mañana
1059617,188144,23269651,MANUEL COVEÑAS NAQUICHE,Secundaria,Escolarizado,Mixto,Pública de gestión directa,Sector Educación,AVENIDA MANUEL MARTICORENA S/N,,ANTA,Rural,Tayacaja,Huaribamba,UGEL Tayacaja,No aplica,Mañana
1407949,620934,25180259,SANTA CRUZ,Secundaria,Escolarizado,Mixto,Pública de gestión directa,Sector Educación,PLAZA RPINCIPAL,,SANTA CRUZ DE HUALLARQUI,Rural,Tayacaja,Huaribamba,UGEL Tayacaja,No aplica,Mañana
1350859,519200,22446711,JULIO CESAR TELLO,Secundaria,Escolarizado,Mixto,Pública de gestión directa,Sector Educación,PLAZA PRINCIPAL,QUIMLLO,SANTA CRUZ DE INYACC,Rural,Tayacaja,Huaribamba,UGEL Tayacaja,No aplica,Mañana
1376797,538010,24960651,GERMAN CARO RIOS,Secundaria,Escolarizado,Mixto,Pública de gestión directa,Sector Educación,PLAZA PRINCIPAL S/N,,AYACANCHA,Rural,Tayacaja,Huaribamba,UGEL Tayacaja,No aplica,Mañana
1059658,188238,22704788,SAN JOSE,Secundaria,Escolarizado,Mixto,Pública de gestión directa,Sector Educación,JIRON MARISCAL CASTILLA S/N,,ÑAHUIMPUQUIO,Rural,Tayacaja,Ñahuimpuquio,UGEL Tayacaja,No aplica,Mañana
0373258,188455,22704941,RAUL PORRAS BARRENECHEA,Secundaria,Escolarizado,Mixto,Pública de gestión directa,Sector Educación,AVENIDA BOLIVAR 460,PAZOS,PAZOS,Rural,Tayacaja,Pazos,UGEL Tayacaja,No aplica,Mañana
0697664,188460,23270471,SAN LUCAS,Secundaria,Escolarizado,Mixto,Pública de gestión directa,Sector Educación,TONGOS,TONGOS,TONGOS,Rural,Tayacaja,Pazos,UGEL Tayacaja,No aplica,Mañana
1059930,188549,23307510,MANUEL SCORZA TORRES,Secundaria,Escolarizado,Mixto,Pública de gestión directa,Sector Educación,MULLACA,MULLACA,MULLACA / SAN PEDRO DE MULLACA,Rural,Tayacaja,Pazos,UGEL Tayacaja,No aplica,Mañana
1407469,620458,26320577,BERTOLT BRECHT,Secundaria,Escolarizado,Mixto,Pública de gestión directa,Sector Educación,CARRETERA A PAMPAS KM 20,COYLLORPAMPA,COYLLORPAMPA,Rural,Tayacaja,Pazos,UGEL Tayacaja,No aplica,Mañana
1350784,519196,23307693,JUAN GUTEMBERG,Secundaria,Escolarizado,Mixto,Pública de gestión directa,Sector Educación,PLAZA PRINCIPAL,CARAMPA,CARAMPA,Rural,Tayacaja,Pazos,UGEL Tayacaja,No aplica,Mañana
1753383,826708,24338861,SANTA CRUZ DE ILA,Secundaria,Escolarizado,Mixto,Pública de gestión directa,Sector Educación,CARRETERA PRINCIPAL S/N,,SANTA CRUZ DE ILA,Rural,Tayacaja,Pazos,UGEL Tayacaja,No aplica,Mañana
1407436,620420,23308193,ALEJANDRO TOLEDO MANRIQUE,Secundaria,Escolarizado,Mixto,Pública de gestión directa,Sector Educación,AVENIDA MARISCAL CACERES S/N,BARRIO COCHABAMBA,QUISHUAR,Rural,Tayacaja,Quishuar,UGEL Tayacaja,No aplica,Mañana
0600429,188714,26300363,JOSE CARLOS MARIATEGUI,Secundaria,Escolarizado,Mixto,Pública de gestión directa,Sector Educación,PLAZA PRINCIPAL S/N,,SALCABAMBA,Rural,Tayacaja,Salcabamba,UGEL Tayacaja,No aplica,Mañana
0697680,188728,24442632,JORGE BASADRE GROHMANN,Secundaria,Escolarizado,Mixto,Pública de gestión directa,Sector Educación,PLAZA PRINCIPAL,AYACCOCHA,AYACOCHA,Rural,Tayacaja,Salcabamba,UGEL Tayacaja,No aplica,Mañana
1058148,188813,24443541,ANDRES AVELINO CACERES,Secundaria,Escolarizado,Mixto,Pública de gestión directa,Sector Educación,CALLE MANCO CAPAC S/N,,CEDROPAMPA,Rural,Tayacaja,Salcabamba,UGEL Tayacaja,No aplica,Mañana
1408111,621066,24443051,CESAR VALLEJO,Secundaria,Escolarizado,Mixto,Pública de gestión directa,Sector Educación,PLAZA PRINCIPAL,MIRAFLORES,MIRAFLORES,Rural,Tayacaja,Salcabamba,UGEL Tayacaja,No aplica,Mañana
1423896,572462,23308355,ALIPIO PONCE VASQUEZ,Secundaria,Escolarizado,Mixto,Pública de gestión directa,Sector Educación,PLAZA PRINCIPAL ISTAY,,ISTAY HUALCAS,Rural,Tayacaja,Salcabamba,UGEL Tayacaja,No aplica,Mañana
1535798,624121,23270544,ANTONIO RAIMONDI,Secundaria,Escolarizado,Mixto,Pública de gestión directa,Sector Educación,PARQUE PLAZA PRINCIPAL,,PATAY,Rural,Tayacaja,Salcabamba,UGEL Tayacaja,No aplica,Mañana
3013711,902759,24130940,VIRGEN DE CANDELARIA,Secundaria,Escolarizado,Mixto,Pública de gestión directa,Sector Educación,PLAZA PRINCIPAL,,MATIBAMBA,Rural,Tayacaja,Salcabamba,UGEL Surcubamba,No aplica,Mañana
0580043,189006,23993198,DANIEL ALCIDES CARRION,Secundaria,Escolarizado,Mixto,Pública de gestión directa,Sector Educación,CALLE PRINCIPAL S/N,LA LOMA,SALCAHUASI,Rural,Tayacaja,Salcahuasi,UGEL Surcubamba,No aplica,Mañana
0580050,189011,23311062,JOSE SANTOS CHOCANO,Secundaria,Escolarizado,Mixto,Pública de gestión directa,Sector Educación,CALLE PRINCIPAL S/N,LA LOMA,LA LOMA,Rural,Tayacaja,Salcahuasi,UGEL Surcubamba,No aplica,Mañana
1407477,620444,23311143,JESUS DE NAZARET,Secundaria,Escolarizado,Mixto,Pública de gestión directa,Sector Educación,PLAZA PRINCIPAL,,CHUYAPATA,Rural,Tayacaja,Salcahuasi,UGEL Surcubamba,No aplica,Mañana
1407931,620849,26798353,SANTA ISABEL,Secundaria,Escolarizado,Mixto,Pública de gestión directa,Sector Educación,PLAZA PRINCIPAL,HUACCAYRUMI,HUACCAYRUMI,Rural,Tayacaja,Salcahuasi,UGEL Surcubamba,No aplica,Mañana
1572973,645859,22655280,ANTONIO BRACK EGG,Secundaria,Escolarizado,Mixto,Pública de gestión directa,Sector Educación,PLAZA PRINCIPAL,PALMAPAMPA,PALMA PAMPA,Rural,Tayacaja,Salcahuasi,UGEL Surcubamba,No aplica,Mañana
0687798,189214,23991780,RAMON CASTILLA,Secundaria,Escolarizado,Mixto,Pública de gestión directa,Sector Educación,BARRIO PALOMA RUMI,,PALOMA RUMI,Rural,Tayacaja,San Marcos de Rocchac,UGEL Surcubamba,No aplica,Mañana
0569756,189209,23993430,7 DE JUNIO,Secundaria,Escolarizado,Mixto,Pública de gestión directa,Sector Educación,AVENIDA HUANCAYO S/N,,SAN MARCOS DE ROCCHAC,Rural,Tayacaja,San Marcos de Rocchac,UGEL Surcubamba,No aplica,Mañana
1059708,621882,24045234,JUAN VELAZCO ALVARADO,Secundaria,Escolarizado,Mixto,Pública de gestión directa,Sector Educación,PLAZA PRINCIPAL S/N,,MONTECOLPA,Rural,Tayacaja,San Marcos de Rocchac,UGEL Surcubamba,No aplica,Mañana
1350867,519219,23310988,MACISTE DIAZ ABAD,Secundaria,Escolarizado,Mixto,Pública de gestión directa,Sector Educación,PLAZA PRINCIPAL,QUIMLLO,QUIMLLO,Rural,Tayacaja,San Marcos de Rocchac,UGEL Surcubamba,No aplica,Mañana
0489906,189474,23992280,SAN PEDRO,Secundaria,Escolarizado,Mixto,Pública de gestión directa,Sector Educación,CALLE PRINCIPAL S/N,,SURCUBAMBA,Rural,Tayacaja,Surcubamba,UGEL Surcubamba,No aplica,Mañana
0687814,189488,23984441,PNP (R) NAVIO COMUN GAVILAN,Secundaria,Escolarizado,Mixto,Pública de gestión directa,Sector Educación,PLAZA PRINCIPAL,,SACHACOTO,Rural,Tayacaja,Surcubamba,UGEL Surcubamba,No aplica,Mañana
1350792,519281,23992442,SAN MARTIN DE PORRES,Secundaria,Escolarizado,Mixto,Pública de gestión directa,Sector Educación,PLAZA PRINCIPAL,,VISTA ALEGRE,Rural,Tayacaja,Surcubamba,UGEL Surcubamba,No aplica,Mañana
1573039,645996,22655108,MARIO VARGAS LLOSA,Secundaria,Escolarizado,Mixto,Pública de gestión directa,Sector Educación,PLAZA PRINCIPAL,PUEBLO LIBRE,PUEBLO LIBRE,Rural,Tayacaja,Surcubamba,UGEL Surcubamba,No aplica,Mañana
1701390,783817,23994593,CESAR VALLEJO MENDOZA,Secundaria,Escolarizado,Mixto,Pública de gestión directa,Sector Educación,PLAZA PRINCIPAL S/N,,BELLAVISTA,Rural,Tayacaja,Surcubamba,UGEL Surcubamba,No aplica,Mañana
1753409,826727,24067181,JOSE ABELARDO QUIÑONES GONZALES,Secundaria,Escolarizado,Mixto,Pública de gestión directa,Sector Educación,PLAZA PRINCIPAL DE JATUSPATA,,JATUSPATA,Rural,Tayacaja,Surcubamba,UGEL Surcubamba,No aplica,Mañana
0637520,189676,23994836,SAN JOSE,Secundaria,Escolarizado,Mixto,Pública de gestión directa,Sector Educación,PLAZA PRINCIPAL,TINTAY,TINTAY PUNCU,Rural,Tayacaja,Tintay Puncu,UGEL Surcubamba,No aplica,Mañana
1058189,189695,26973163,SANTA CRUZ,Secundaria,Escolarizado,Mixto,Pública de gestión directa,Sector Educación,PLAZA PRINCIPAL S/N,,UCHUY SIHUIS,Rural,Tayacaja,Tintay Puncu,UGEL Surcubamba,No aplica,Mañana
1358035,524904,24044572,ASUNCION DEL SEÑOR,Secundaria,Escolarizado,Mixto,Pública de gestión directa,Sector Educación,PLAZA PRINCIPAL,VICENTELO ALTO,SUNE,Rural,Tayacaja,Tintay Puncu,UGEL Surcubamba,No aplica,Mañana
0687731,186833,24442225,MICAELA BASTIDAS PUYUCAHUA,Secundaria,Escolarizado,Mixto,Pública de gestión directa,Sector Educación,AVENIDA SANTIAGO ANTUNEZ MAYOLO,,QUICHUAS,Rural,Tayacaja,Quichuas,UGEL Tayacaja,No aplica,Mañana
1407428,620415,24442489,ANDRES AVELINO CACERES,Secundaria,Escolarizado,Mixto,Pública de gestión directa,Sector Educación,PLAZA PRINCIPAL,VIOLETAS DE ACCOYANCA,VIOLETAS DE ACCOYANCA,Rural,Tayacaja,Quichuas,UGEL Tayacaja,No aplica,Mañana
1407683,620670,24442713,MARISCAL CASTILLA,Secundaria,Escolarizado,Mixto,Pública de gestión directa,Sector Educación,PLAZA PRINCIPAL,,COLCA,Rural,Tayacaja,Quichuas,UGEL Tayacaja,No aplica,Mañana
1350818,519276,26201691,SAN FERNANDO,Secundaria,Escolarizado,Mixto,Pública de gestión directa,Sector Educación,PLAZA PRINCIPAL S/N,,SANTA ROSA DE MALLMA,Rural,Tayacaja,Quichuas,UGEL Tayacaja,No aplica,Mañana
1573005,645883,22705288,JUAN VELASCO ALVARADO,Secundaria,Escolarizado,Mixto,Pública de gestión directa,Sector Educación,TRES DE MAYO SAN JOSE,TRES DE MAYO SAN JOSE,SAN JOSE,Rural,Tayacaja,Quichuas,UGEL Tayacaja,No aplica,Mañana
1630474,700247,22705024,MARIO VARGAS LLOSA,Secundaria,Escolarizado,Mixto,Pública de gestión directa,Sector Educación,PLAZA PRINCIPAL S/N,,MUTUYPATA,Rural,Tayacaja,Quichuas,UGEL Tayacaja,No aplica,Mañana
0743328,186852,23307936,CARLOS AUGUSTO SALAVERRY,Secundaria,Escolarizado,Mixto,Pública de gestión directa,Sector Educación,ANDAYMARCA,ANDAYMARCA,ANDAYMARCA,Rural,Tayacaja,Andaymarca,UGEL Tayacaja,No aplica,Mañana
1059898,188530,26794218,JOSE CARLOS MARIATEGUI,Secundaria,Escolarizado,Mixto,Pública de gestión directa,Sector Educación,PLAZA PRINCIPAL,HUARANHUAY,HUARANHUAY,Rural,Tayacaja,Andaymarca,UGEL Tayacaja,No aplica,Mañana
1432475,574475,25180331,LUIS FEDERICO SALAS GUEVARA SCHUTZ,Secundaria,Escolarizado,Mixto,Pública de gestión directa,Sector Educación,PLAZA PRINCIPAL,QUINTAO,QUINTAO,Rural,Tayacaja,Andaymarca,UGEL Tayacaja,No aplica,Mañana
1722271,803995,23270218,SAN JUAN BAUTISTA,Secundaria,Escolarizado,Mixto,Pública de gestión directa,Sector Educación,CARRETERA PRINCIPAL S/N,,SUYLLOC,Rural,Tayacaja,Andaymarca,UGEL Tayacaja,No aplica,Mañana
1408863,621863,24045315,JOSE GALVEZ EGUSQUIZA,Secundaria,Escolarizado,Mixto,Pública de gestión directa,Sector Educación,AVENIDA CONVENTO S/N,PUERTO SAN ANTONIO,PUERTO SAN ANTONIO,Rural,Tayacaja,Roble,UGEL Surcubamba,No aplica,Mañana
3018462,905036,24906132,VIRGEN DEL ROSARIO DE SAN ISIDRO,Secundaria,Escolarizado,Mixto,Pública de gestión directa,Sector Educación,CARRETERA A SAN ISIDRO,,SAN ISIDRO,Rural,Tayacaja,Roble,UGEL Surcubamba,No aplica,Mañana
0580381,188097,23296470,SANTIAGO,Secundaria,Escolarizado,Mixto,Pública de gestión directa,Sector Educación,JIRON AREQUIPA S/N,,PICHUS,Rural,Tayacaja,Pichos,UGEL Tayacaja,No aplica,Mañana
1573021,645897,22705105,LEONCIO PRADO GUTIERREZ,Secundaria,Escolarizado,Mixto,Pública de gestión directa,Sector Educación,PLAZA PRINCIPAL,PARIAC,PARIAC,Rural,Tayacaja,Pichos,UGEL Tayacaja,No aplica,Mañana
0687871,187267,24442551,MARISCAL CACERES,Secundaria,Escolarizado,Mixto,Pública de gestión directa,Sector Educación,BARRIO MOYOBAMBA,BARRIO MOYOBAMBA,SANTIAGO DE TUCUMA,Rural,Tayacaja,Santiago de Tucuma,UGEL Tayacaja,No aplica,Mañana
1753375,826690,24960730,SAN CRISTOBAL DE HUAYRAPIRI,Secundaria,Escolarizado,Mixto,Pública de gestión directa,Sector Educación,CARRETERA PRINCIPAL S/N,,SAN CRISTOBAL DE HUAYRAPIRI,Rural,Tayacaja,Santiago de Tucuma,UGEL Tayacaja,No aplica,Mañana
0687822,189493,25238354,VICTOR RAUL HAYA DE LA TORRE,Secundaria,Escolarizado,Mixto,Pública de gestión directa,Sector Educación,CALLE PRINCIPAL S/N,,SOCOS,Rural,Tayacaja,Lambras,UGEL Surcubamba,No aplica,Mañana
0580449,187489,25238435,SEBASTIAN LORENTE IBAÑEZ,Secundaria,Escolarizado,Mixto,Pública de gestión directa,Sector Educación,AVENIDA 13 DE JUNIO S/N,,SANTA MARIA,Rural,Tayacaja,Lambras,UGEL Surcubamba,No aplica,Mañana
1701382,783803,25735412,JOSE MARIA ARGUEDAS,Secundaria,Escolarizado,Mixto,Pública de gestión directa,Sector Educación,PLAZA PRINCIPAL S/N,,MATARA,Rural,Tayacaja,Lambras,UGEL Surcubamba,No aplica,Mañana
0687806,189681,,SIMON BOLIVAR,Secundaria,Escolarizado,Mixto,Pública de gestión directa,Sector Educación,PLAZA PRINCIPAL,,COCHABAMBA GRANDE,Rural,Tayacaja,Cochabamba,UGEL Surcubamba,No aplica,Mañana
